timestamp,dht_C,dht_RH,mlx14_Tamb_C,mlx14_Tobj_C
2025-06-22 13:35:17,40.7,23,26.610000000000014,26.210000000000036
2025-06-22 13:35:18,40.7,23,26.610000000000014,25.810000000000002
2025-06-22 13:35:19,26.4,41,26.590000000000032,26.170000000000016
2025-06-22 13:35:20,26.4,41,26.630000000000052,26.310000000000002
2025-06-22 13:41:24,26.4,41,26.110000000000014,25.370000000000005
2025-06-22 13:41:25,26.4,41,26.130000000000052,25.350000000000023
2025-06-22 13:41:26,25.5,45,26.130000000000052,25.49000000000001
2025-06-22 13:41:27,25.5,45,26.110000000000014,25.470000000000027
2025-06-22 13:41:28,25.5,45,26.130000000000052,25.29000000000002
2025-06-22 13:41:29,25.5,45,26.130000000000052,25.370000000000005
2025-06-22 13:41:30,25.5,45,26.110000000000014,25.55000000000001
2025-06-22 13:41:31,25.5,45,26.110000000000014,25.310000000000002
2025-06-22 13:41:32,25.5,45,26.07000000000005,25.470000000000027
2025-06-22 13:41:33,25.5,45,26.07000000000005,25.170000000000016
2025-06-22 13:41:34,25.5,45,26.07000000000005,25.470000000000027
2025-06-22 13:41:35,25.5,45,26.110000000000014,25.170000000000016
2025-06-22 13:41:36,25.5,45,26.110000000000014,25.170000000000016
2025-06-22 13:41:37,25.5,45,26.110000000000014,25.470000000000027
2025-06-22 13:41:39,25.5,45,26.110000000000014,25.470000000000027
2025-06-22 13:41:41,25.5,45,26.07000000000005,25.29000000000002
2025-06-22 13:41:43,25.5,45,26.110000000000014,25.370000000000005
2025-06-22 13:41:44,25.5,45,26.07000000000005,25.53000000000003
2025-06-22 13:41:45,25.4,45,26.110000000000014,25.610000000000014
2025-06-22 13:41:46,25.4,45,26.110000000000014,25.250000000000057
2025-06-22 13:41:47,25.4,45,26.07000000000005,25.370000000000005
2025-06-22 13:41:48,25.5,45,26.130000000000052,25.350000000000023
2025-06-22 13:41:49,25.5,45,26.110000000000014,25.370000000000005
2025-06-22 13:41:50,25.5,45,26.110000000000014,25.470000000000027
2025-06-22 13:41:51,25.5,45,26.07000000000005,25.370000000000005
2025-06-22 13:41:52,25.5,45,26.05000000000001,25.29000000000002
2025-06-22 13:41:53,25.5,45,26.07000000000005,25.370000000000005
2025-06-22 13:41:54,25.5,45,26.07000000000005,25.410000000000025
2025-06-22 13:41:55,25.5,45,26.130000000000052,25.370000000000005
2025-06-22 13:41:56,25.4,45,26.07000000000005,25.350000000000023
2025-06-22 13:41:57,25.4,45,26.110000000000014,25.350000000000023
2025-06-22 13:41:58,25.4,45,26.07000000000005,25.370000000000005
2025-06-22 13:41:59,25.4,45,26.05000000000001,25.250000000000057
2025-06-22 13:42:00,25.4,45,26.05000000000001,25.190000000000055
2025-06-22 13:42:01,25.4,45,26.07000000000005,25.53000000000003
2025-06-22 13:42:02,25.4,45,26.05000000000001,25.110000000000014
2025-06-22 13:42:03,25.4,45,26.07000000000005,25.05000000000001
2025-06-22 13:42:04,25.5,46,26.05000000000001,25.630000000000052
2025-06-22 13:42:06,25.4,46,26.05000000000001,25.670000000000016
2025-06-22 13:42:08,25.4,46,26.07000000000005,25.49000000000001
2025-06-22 13:42:10,25.4,46,26.05000000000001,25.430000000000007
2025-06-22 13:42:11,25.4,46,26.07000000000005,25.55000000000001
2025-06-22 13:42:13,25.4,46,26.07000000000005,25.410000000000025
2025-06-22 13:42:14,25.4,46,26.03000000000003,25.49000000000001
2025-06-22 13:42:15,25.4,46,26.05000000000001,25.410000000000025
2025-06-22 13:42:16,25.4,46,26.03000000000003,25.49000000000001
2025-06-22 13:42:17,25.4,46,26.07000000000005,25.350000000000023
2025-06-22 13:42:18,25.4,46,26.05000000000001,25.350000000000023
2025-06-22 13:42:19,25.4,46,26.05000000000001,25.350000000000023
2025-06-22 13:42:20,25.4,46,26.05000000000001,25.55000000000001
2025-06-22 13:42:21,25.4,46,26.05000000000001,25.350000000000023
2025-06-22 13:42:22,25.4,46,26.07000000000005,25.370000000000005
2025-06-22 13:42:23,25.4,46,26.03000000000003,25.310000000000002
2025-06-22 13:42:24,25.4,46,26.03000000000003,25.49000000000001
2025-06-22 13:42:25,25.3,46,26.05000000000001,25.430000000000007
2025-06-22 13:42:26,25.3,46,26.05000000000001,25.250000000000057
2025-06-22 13:42:27,25.3,46,26.05000000000001,25.410000000000025
2025-06-22 13:42:28,25.3,46,26.03000000000003,25.430000000000007
2025-06-22 13:42:29,25.3,46,26.07000000000005,24.890000000000043
2025-06-22 13:42:31,25.3,46,26.010000000000048,25.430000000000007
2025-06-22 13:42:33,25.3,46,26.03000000000003,25.410000000000025
2025-06-22 13:42:34,25.3,46,26.010000000000048,25.410000000000025
2025-06-22 13:42:36,25.3,46,26.010000000000048,25.310000000000002
2025-06-22 13:42:37,25.3,46,26.03000000000003,25.170000000000016
2025-06-22 13:42:38,25.3,46,26.05000000000001,25.310000000000002
2025-06-22 13:42:39,25.3,46,25.99000000000001,25.110000000000014
2025-06-22 13:42:40,25.3,46,26.010000000000048,25.130000000000052
2025-06-22 13:42:41,25.3,46,25.99000000000001,24.890000000000043
2025-06-22 13:42:42,25.3,46,25.99000000000001,24.77000000000004
2025-06-22 13:42:43,25.3,46,26.010000000000048,24.83000000000004
2025-06-22 13:42:44,25.3,46,26.010000000000048,25.05000000000001
2025-06-22 13:42:45,25.2,46,25.99000000000001,24.870000000000005
2025-06-22 13:42:46,25.2,46,25.99000000000001,25.190000000000055
2025-06-22 13:42:47,25.2,46,25.970000000000027,24.870000000000005
2025-06-22 13:42:48,25.2,46,25.99000000000001,24.810000000000002
2025-06-22 13:42:49,25.2,46,25.99000000000001,24.870000000000005
2025-06-22 13:42:50,25.2,46,25.970000000000027,24.650000000000034
2025-06-22 13:42:51,25.2,46,26.010000000000048,24.77000000000004
2025-06-22 13:42:53,25.2,46,25.970000000000027,24.510000000000048
2025-06-22 13:42:54,25.2,46,25.950000000000045,24.870000000000005
2025-06-22 13:42:55,25.2,46,25.970000000000027,24.510000000000048
2025-06-22 13:42:56,25.2,46,25.950000000000045,24.450000000000045
2025-06-22 13:42:57,25.2,46,25.970000000000027,24.77000000000004
2025-06-22 13:42:58,25.2,46,25.970000000000027,24.590000000000032
2025-06-22 13:43:00,25.1,45,25.950000000000045,24.83000000000004
2025-06-22 13:43:02,25.1,45,25.950000000000045,24.83000000000004
2025-06-22 13:43:05,25.1,45,25.930000000000007,24.870000000000005
2025-06-22 13:43:06,25.1,45,25.930000000000007,24.710000000000036
2025-06-22 13:43:07,25.1,45,25.930000000000007,24.810000000000002
2025-06-22 13:43:08,25.0,45,25.930000000000007,24.750000000000057
2025-06-22 13:43:09,25.0,45,25.910000000000025,24.710000000000036
2025-06-22 13:43:10,25.0,45,25.930000000000007,24.710000000000036
2025-06-22 13:43:11,25.0,45,25.910000000000025,24.77000000000004
2025-06-22 13:43:12,25.0,45,25.910000000000025,24.710000000000036
2025-06-22 13:43:13,25.0,45,25.910000000000025,24.650000000000034
2025-06-22 13:43:14,25.0,45,25.890000000000043,24.710000000000036
2025-06-22 13:43:15,25.0,45,25.930000000000007,24.510000000000048
2025-06-22 13:43:16,25.0,45,25.890000000000043,24.53000000000003
2025-06-22 13:43:17,25.0,45,25.890000000000043,24.710000000000036
2025-06-22 13:43:18,25.0,45,25.910000000000025,24.710000000000036
2025-06-22 13:43:19,25.0,45,25.910000000000025,24.690000000000055
2025-06-22 13:43:20,25.0,45,25.910000000000025,24.950000000000045
2025-06-22 13:43:21,25.0,45,25.850000000000023,24.890000000000043
2025-06-22 13:43:22,25.0,45,25.890000000000043,25.010000000000048
2025-06-22 13:43:23,24.9,45,25.890000000000043,25.190000000000055
2025-06-22 13:43:24,24.9,45,25.850000000000023,24.470000000000027
2025-06-22 13:43:25,24.9,45,25.83000000000004,24.57000000000005
2025-06-22 13:43:26,24.9,45,25.910000000000025,24.57000000000005
2025-06-22 13:43:28,24.9,45,25.83000000000004,24.630000000000052
2025-06-22 13:43:30,24.9,45,25.83000000000004,24.810000000000002
2025-06-22 13:43:31,24.9,45,25.850000000000023,24.810000000000002
2025-06-22 13:43:32,24.9,45,25.83000000000004,24.630000000000052
2025-06-22 13:43:33,24.8,45,25.83000000000004,24.57000000000005
2025-06-22 13:43:34,24.8,45,25.890000000000043,24.930000000000007
2025-06-22 13:43:35,24.8,45,25.850000000000023,24.710000000000036
2025-06-22 13:43:36,24.8,45,25.83000000000004,24.750000000000057
2025-06-22 13:43:37,24.8,45,25.79000000000002,24.890000000000043
2025-06-22 13:43:38,24.8,46,25.810000000000002,24.690000000000055
2025-06-22 13:43:39,24.8,46,25.810000000000002,24.77000000000004
2025-06-22 13:43:40,24.8,46,25.810000000000002,24.83000000000004
2025-06-22 13:43:41,24.8,46,25.850000000000023,24.870000000000005
2025-06-22 13:43:42,24.8,46,25.810000000000002,24.53000000000003
2025-06-22 13:43:43,24.8,46,25.83000000000004,24.650000000000034
2025-06-22 13:43:44,24.8,46,25.79000000000002,24.890000000000043
2025-06-22 13:43:45,24.8,46,25.810000000000002,24.750000000000057
2025-06-22 13:43:46,24.8,46,25.810000000000002,24.710000000000036
2025-06-22 13:43:47,24.8,46,25.79000000000002,24.83000000000004
2025-06-22 13:43:48,24.8,46,25.79000000000002,24.750000000000057
2025-06-22 13:43:49,24.8,46,25.77000000000004,24.57000000000005
2025-06-22 13:43:50,24.8,46,25.79000000000002,24.83000000000004
2025-06-22 13:43:51,24.8,46,25.810000000000002,24.630000000000052
2025-06-22 13:43:52,24.8,46,25.79000000000002,24.930000000000007
2025-06-22 13:43:53,24.8,46,25.810000000000002,24.690000000000055
2025-06-22 13:43:55,24.8,46,25.810000000000002,24.83000000000004
2025-06-22 13:43:57,24.7,46,25.810000000000002,24.650000000000034
2025-06-22 13:43:59,24.7,46,25.77000000000004,24.930000000000007
2025-06-22 13:44:00,24.8,46,25.79000000000002,24.950000000000045
2025-06-22 13:44:01,24.8,46,25.77000000000004,24.930000000000007
2025-06-22 13:44:02,24.8,46,25.77000000000004,24.890000000000043
2025-06-22 13:44:03,24.8,46,25.750000000000057,24.810000000000002
2025-06-22 13:44:04,24.8,46,25.77000000000004,24.890000000000043
2025-06-22 13:44:05,24.7,46,25.79000000000002,24.99000000000001
2025-06-22 13:44:06,24.7,46,25.77000000000004,25.05000000000001
2025-06-22 13:44:07,24.7,46,25.750000000000057,24.870000000000005
2025-06-22 13:44:08,24.7,46,25.750000000000057,24.650000000000034
2025-06-22 13:44:09,24.7,46,25.750000000000057,25.05000000000001
2025-06-22 13:44:10,24.7,46,25.77000000000004,24.930000000000007
2025-06-22 13:44:11,24.7,46,25.750000000000057,25.010000000000048
2025-06-22 13:44:12,24.7,46,25.750000000000057,25.010000000000048
2025-06-22 13:44:13,24.7,46,25.750000000000057,24.870000000000005
2025-06-22 13:44:14,24.7,46,25.750000000000057,24.810000000000002
2025-06-22 13:44:15,24.7,46,25.730000000000018,24.930000000000007
2025-06-22 13:44:16,24.7,46,25.750000000000057,25.190000000000055
2025-06-22 13:44:17,24.7,46,25.77000000000004,24.930000000000007
2025-06-22 13:44:18,24.7,46,25.77000000000004,24.750000000000057
2025-06-22 13:44:19,24.7,46,25.79000000000002,24.77000000000004
2025-06-22 13:44:21,24.7,46,25.77000000000004,24.930000000000007
2025-06-22 13:44:23,24.7,46,25.750000000000057,25.07000000000005
2025-06-22 13:44:24,24.7,46,25.730000000000018,24.99000000000001
2025-06-22 13:44:26,24.7,46,25.730000000000018,24.77000000000004
2025-06-22 13:44:27,24.7,46,25.730000000000018,25.110000000000014
2025-06-22 13:44:28,24.7,46,25.710000000000036,25.190000000000055
2025-06-22 13:44:29,24.7,46,25.750000000000057,25.010000000000048
2025-06-22 13:44:30,24.7,46,25.710000000000036,25.07000000000005
2025-06-22 13:44:31,24.7,46,25.730000000000018,24.83000000000004
2025-06-22 13:44:32,24.7,46,25.750000000000057,25.130000000000052
2025-06-22 13:44:33,24.7,46,25.730000000000018,25.010000000000048
2025-06-22 13:44:34,24.7,46,25.730000000000018,25.010000000000048
2025-06-22 13:44:35,24.7,46,25.710000000000036,24.870000000000005
2025-06-22 13:44:36,24.7,46,25.710000000000036,25.250000000000057
2025-06-22 13:44:37,24.7,46,25.710000000000036,24.870000000000005
2025-06-22 13:44:38,24.7,46,25.750000000000057,24.930000000000007
2025-06-22 13:44:39,24.7,46,25.730000000000018,24.99000000000001
2025-06-22 13:44:40,24.8,46,25.730000000000018,25.010000000000048
2025-06-22 13:44:41,24.8,46,25.710000000000036,25.07000000000005
2025-06-22 13:44:42,24.8,46,25.730000000000018,24.77000000000004
2025-06-22 13:44:43,24.7,46,25.710000000000036,24.83000000000004
2025-06-22 13:44:44,24.7,46,25.730000000000018,25.07000000000005
2025-06-22 13:44:45,24.7,46,25.690000000000055,24.950000000000045
2025-06-22 13:44:46,24.7,46,25.710000000000036,24.650000000000034
2025-06-22 13:44:47,24.7,46,25.690000000000055,25.190000000000055
2025-06-22 13:44:48,24.7,46,25.730000000000018,25.010000000000048
2025-06-22 13:44:50,24.7,46,25.730000000000018,25.07000000000005
2025-06-22 13:44:52,24.7,46,25.710000000000036,24.950000000000045
2025-06-22 13:44:54,24.7,46,25.710000000000036,25.190000000000055
2025-06-22 13:44:55,24.7,46,25.690000000000055,24.99000000000001
2025-06-22 13:44:56,24.7,46,25.710000000000036,25.05000000000001
2025-06-22 13:44:57,24.8,46,25.730000000000018,25.07000000000005
2025-06-22 13:44:58,24.8,46,25.690000000000055,25.07000000000005
2025-06-22 13:44:59,24.8,46,25.77000000000004,24.890000000000043
2025-06-22 13:45:00,24.8,46,25.690000000000055,25.130000000000052
2025-06-22 13:45:01,24.8,46,25.730000000000018,25.310000000000002
2025-06-22 13:45:02,24.8,46,25.690000000000055,25.05000000000001
2025-06-22 13:45:03,24.8,46,25.710000000000036,24.810000000000002
2025-06-22 13:45:04,24.8,46,25.670000000000016,24.870000000000005
2025-06-22 13:45:05,24.8,46,25.710000000000036,25.230000000000018
2025-06-22 13:45:06,24.8,46,25.690000000000055,25.05000000000001
2025-06-22 13:45:07,24.8,46,25.710000000000036,25.130000000000052
2025-06-22 13:45:08,24.7,46,25.710000000000036,25.07000000000005
2025-06-22 13:45:09,24.7,46,25.690000000000055,25.130000000000052
2025-06-22 13:45:10,24.7,46,25.670000000000016,24.590000000000032
2025-06-22 13:45:11,24.8,46,25.690000000000055,25.05000000000001
2025-06-22 13:45:12,24.8,46,25.670000000000016,24.630000000000052
2025-06-22 13:45:13,24.8,46,25.670000000000016,24.83000000000004
2025-06-22 13:45:14,24.8,46,25.710000000000036,25.07000000000005
2025-06-22 13:45:15,24.8,46,25.670000000000016,25.05000000000001
2025-06-22 13:45:16,24.8,46,25.670000000000016,24.870000000000005
2025-06-22 13:45:18,24.8,46,25.690000000000055,25.05000000000001
2025-06-22 13:45:20,24.8,46,25.690000000000055,24.950000000000045
2025-06-22 13:45:22,24.8,46,25.690000000000055,24.99000000000001
2025-06-22 13:45:23,24.8,46,25.690000000000055,25.130000000000052
2025-06-22 13:45:24,24.8,46,25.690000000000055,24.890000000000043
2025-06-22 13:45:25,24.8,46,25.670000000000016,25.010000000000048
2025-06-22 13:45:26,24.8,46,25.690000000000055,25.29000000000002
2025-06-22 13:45:27,24.8,46,25.710000000000036,25.130000000000052
2025-06-22 13:45:28,24.8,46,25.670000000000016,25.010000000000048
2025-06-22 13:45:29,24.8,46,25.670000000000016,25.130000000000052
2025-06-22 13:45:30,24.8,46,25.670000000000016,24.930000000000007
2025-06-22 13:45:31,24.8,46,25.670000000000016,25.05000000000001
2025-06-22 13:45:32,24.8,46,25.690000000000055,25.07000000000005
2025-06-22 13:45:33,24.8,46,25.670000000000016,25.130000000000052
2025-06-22 13:45:34,24.8,46,25.670000000000016,25.170000000000016
2025-06-22 13:45:35,24.8,46,25.670000000000016,25.190000000000055
2025-06-22 13:45:36,24.8,46,25.630000000000052,25.07000000000005
2025-06-22 13:45:37,24.8,46,25.670000000000016,25.53000000000003
2025-06-22 13:45:38,24.8,46,25.670000000000016,25.670000000000016
2025-06-22 13:45:39,24.8,46,25.690000000000055,26.210000000000036
2025-06-22 13:45:40,24.8,46,25.670000000000016,26.370000000000005
2025-06-22 13:45:41,24.8,46,25.670000000000016,27.250000000000057
2025-06-22 13:45:42,24.8,46,25.690000000000055,27.810000000000002
2025-06-22 13:45:43,24.8,46,25.670000000000016,28.27000000000004
2025-06-22 13:45:45,24.8,46,25.670000000000016,29.450000000000045
2025-06-22 13:45:47,24.8,46,25.670000000000016,28.510000000000048
2025-06-22 13:45:48,24.8,46,25.710000000000036,28.53000000000003
2025-06-22 13:45:50,24.8,46,25.670000000000016,28.750000000000057
2025-06-22 13:45:51,24.8,46,25.710000000000036,28.890000000000043
2025-06-22 13:45:52,24.8,46,25.690000000000055,28.99000000000001
2025-06-22 13:45:53,24.8,46,25.670000000000016,28.750000000000057
2025-06-22 13:45:54,24.8,46,25.670000000000016,28.750000000000057
2025-06-22 13:45:55,24.8,46,25.690000000000055,28.77000000000004
2025-06-22 13:45:56,24.9,46,25.690000000000055,28.83000000000004
2025-06-22 13:45:57,24.9,46,25.690000000000055,28.690000000000055
2025-06-22 13:45:58,24.9,46,25.690000000000055,28.510000000000048
2025-06-22 13:45:59,24.9,46,25.690000000000055,28.590000000000032
2025-06-22 13:46:00,24.9,46,25.710000000000036,28.370000000000005
2025-06-22 13:46:01,24.9,46,25.710000000000036,28.450000000000045
2025-06-22 13:46:02,24.9,46,25.690000000000055,28.430000000000007
2025-06-22 13:46:03,24.9,46,25.670000000000016,28.430000000000007
2025-06-22 13:46:04,24.9,46,25.710000000000036,28.190000000000055
2025-06-22 13:46:05,24.9,46,25.690000000000055,28.07000000000005
2025-06-22 13:46:06,24.9,46,25.690000000000055,28.230000000000018
2025-06-22 13:46:07,24.9,46,25.710000000000036,28.310000000000002
2025-06-22 13:46:09,24.9,46,25.690000000000055,27.950000000000045
2025-06-22 13:46:10,24.9,46,25.710000000000036,27.850000000000023
2025-06-22 13:46:11,24.9,46,25.690000000000055,27.670000000000016
2025-06-22 13:46:13,25.0,46,25.710000000000036,27.930000000000007
2025-06-22 13:46:15,25.0,46,25.690000000000055,27.750000000000057
2025-06-22 13:46:17,25.0,46,25.710000000000036,27.730000000000018
2025-06-22 13:46:18,25.0,46,25.690000000000055,27.810000000000002
2025-06-22 13:46:19,25.0,46,25.710000000000036,27.750000000000057
2025-06-22 13:46:20,25.0,46,25.690000000000055,27.610000000000014
2025-06-22 13:46:21,25.0,46,25.710000000000036,27.470000000000027
2025-06-22 13:46:22,25.0,46,25.690000000000055,27.610000000000014
2025-06-22 13:46:23,25.0,46,25.710000000000036,27.49000000000001
2025-06-22 13:46:24,25.0,46,25.750000000000057,27.55000000000001
2025-06-22 13:46:25,25.0,46,25.710000000000036,27.29000000000002
2025-06-22 13:46:26,25.0,46,25.690000000000055,27.250000000000057
2025-06-22 13:46:28,25.0,46,25.710000000000036,27.350000000000023
2025-06-22 13:46:29,25.0,46,25.690000000000055,27.370000000000005
2025-06-22 13:46:30,25.1,46,25.690000000000055,27.150000000000034
2025-06-22 13:46:31,25.1,46,25.690000000000055,27.250000000000057
2025-06-22 13:46:32,25.1,46,25.710000000000036,27.210000000000036
2025-06-22 13:46:33,25.1,46,25.710000000000036,27.03000000000003
2025-06-22 13:46:34,25.1,46,25.710000000000036,26.590000000000032
2025-06-22 13:46:35,25.1,46,25.690000000000055,27.210000000000036
2025-06-22 13:46:36,25.1,46,25.730000000000018,27.750000000000057
2025-06-22 13:46:37,25.1,46,25.710000000000036,27.99000000000001
2025-06-22 13:46:39,25.1,46,25.730000000000018,28.950000000000045
2025-06-22 13:46:41,25.1,46,25.710000000000036,30.150000000000034
2025-06-22 13:46:42,25.1,46,25.750000000000057,31.150000000000034
2025-06-22 13:46:44,25.1,46,25.710000000000036,32.89000000000004
2025-06-22 13:46:45,25.1,46,25.730000000000018,33.43000000000001
2025-06-22 13:46:46,25.1,46,25.750000000000057,34.370000000000005
2025-06-22 13:46:47,25.1,46,25.750000000000057,35.450000000000045
2025-06-22 13:46:48,25.1,46,25.750000000000057,36.09000000000003
2025-06-22 13:46:49,25.1,46,25.730000000000018,37.29000000000002
2025-06-22 13:46:50,25.2,46,25.77000000000004,37.79000000000002
2025-06-22 13:46:51,25.2,46,25.77000000000004,38.63000000000005
2025-06-22 13:46:52,25.2,46,25.750000000000057,39.75000000000006
2025-06-22 13:46:53,25.2,46,25.750000000000057,40.35000000000002
2025-06-22 13:46:54,25.2,46,25.77000000000004,41.450000000000045
2025-06-22 13:46:55,25.3,46,25.77000000000004,41.93000000000001
2025-06-22 13:46:56,25.3,47,25.77000000000004,42.870000000000005
2025-06-22 13:46:57,25.3,47,25.79000000000002,43.43000000000001
2025-06-22 13:46:58,25.3,47,25.79000000000002,44.190000000000055
2025-06-22 13:46:59,25.4,47,25.810000000000002,44.85000000000002
2025-06-22 13:47:00,25.4,47,25.79000000000002,44.85000000000002
2025-06-22 13:47:02,25.4,47,25.810000000000002,46.190000000000055
2025-06-22 13:47:03,25.4,47,25.83000000000004,46.610000000000014
2025-06-22 13:47:04,25.5,47,25.850000000000023,47.53000000000003
2025-06-22 13:47:05,25.5,47,25.850000000000023,47.81
2025-06-22 13:47:07,25.7,47,25.910000000000025,48.690000000000055
2025-06-22 13:47:09,25.7,47,25.910000000000025,49.57000000000005
2025-06-22 13:47:10,25.8,47,25.910000000000025,50.07000000000005
2025-06-22 13:47:11,25.8,47,25.910000000000025,50.210000000000036
2025-06-22 13:47:12,25.8,47,25.950000000000045,50.870000000000005
2025-06-22 13:47:13,26.0,47,25.970000000000027,51.25000000000006
2025-06-22 13:47:14,26.0,47,25.970000000000027,51.47000000000003
2025-06-22 13:47:15,26.0,47,25.970000000000027,51.83000000000004
2025-06-22 13:47:16,26.2,47,26.010000000000048,52.05000000000001
2025-06-22 13:47:17,26.2,47,25.99000000000001,52.33000000000004
2025-06-22 13:47:18,26.2,47,26.03000000000003,52.57000000000005
2025-06-22 13:47:19,26.4,47,26.05000000000001,53.07000000000005
2025-06-22 13:47:20,26.4,47,26.05000000000001,53.13000000000005
2025-06-22 13:47:21,26.4,47,26.07000000000005,53.410000000000025
2025-06-22 13:47:22,26.7,47,26.07000000000005,53.650000000000034
2025-06-22 13:47:23,26.7,47,26.130000000000052,53.83000000000004
2025-06-22 13:47:24,26.7,46,26.110000000000014,54.210000000000036
2025-06-22 13:47:25,26.9,46,26.130000000000052,54.27000000000004
2025-06-22 13:47:26,27.1,46,26.150000000000034,54.53000000000003
2025-06-22 13:47:27,27.1,46,26.170000000000016,54.73000000000002
2025-06-22 13:47:28,27.1,46,26.210000000000036,54.85000000000002
2025-06-22 13:47:29,27.2,46,26.210000000000036,55.05000000000001
2025-06-22 13:47:30,27.2,46,26.210000000000036,54.910000000000025
2025-06-22 13:47:31,27.2,46,26.250000000000057,55.25000000000006
2025-06-22 13:47:32,27.5,45,26.27000000000004,55.710000000000036
2025-06-22 13:47:34,27.8,45,26.33000000000004,55.950000000000045
2025-06-22 13:47:36,28.0,45,26.350000000000023,56.09000000000003
2025-06-22 13:47:38,28.0,45,26.370000000000005,56.47000000000003
2025-06-22 13:47:39,28.2,44,26.410000000000025,56.55000000000001
2025-06-22 13:47:40,28.2,44,26.410000000000025,56.73000000000002
2025-06-22 13:47:41,28.2,44,26.450000000000045,56.77000000000004
2025-06-22 13:47:42,28.5,44,26.450000000000045,56.89000000000004
2025-06-22 13:47:43,28.5,43,26.470000000000027,57.07000000000005
2025-06-22 13:47:44,28.6,43,26.470000000000027,57.05000000000001
2025-06-22 13:47:45,28.6,43,26.55000000000001,57.110000000000014
2025-06-22 13:47:46,28.8,43,26.510000000000048,57.31
2025-06-22 13:47:47,28.8,43,26.55000000000001,57.210000000000036
2025-06-22 13:47:48,28.8,42,26.610000000000014,57.43000000000001
2025-06-22 13:47:49,29.1,42,26.630000000000052,57.55000000000001
2025-06-22 13:47:50,29.1,42,26.610000000000014,57.55000000000001
2025-06-22 13:47:51,29.3,42,26.650000000000034,57.77000000000004
2025-06-22 13:47:52,29.3,42,26.690000000000055,57.910000000000025
2025-06-22 13:47:53,29.6,42,26.710000000000036,57.870000000000005
2025-06-22 13:47:54,29.6,42,26.710000000000036,57.99000000000001
2025-06-22 13:47:55,29.6,42,26.710000000000036,57.950000000000045
2025-06-22 13:47:56,29.8,41,26.730000000000018,58.01000000000005
2025-06-22 13:47:57,29.8,41,26.810000000000002,58.07000000000005
2025-06-22 13:47:58,29.8,41,26.79000000000002,58.13000000000005
2025-06-22 13:48:00,30.1,41,26.850000000000023,58.150000000000034
2025-06-22 13:48:02,30.1,41,26.890000000000043,58.39000000000004
2025-06-22 13:48:03,30.5,40,26.890000000000043,58.31
2025-06-22 13:48:04,30.5,40,26.910000000000025,58.690000000000055
2025-06-22 13:48:05,30.5,40,26.950000000000045,58.610000000000014
2025-06-22 13:48:06,30.7,40,26.950000000000045,58.57000000000005
2025-06-22 13:48:07,30.7,39,26.99000000000001,58.710000000000036
2025-06-22 13:48:08,30.9,39,27.05000000000001,58.910000000000025
2025-06-22 13:48:09,30.9,39,27.07000000000005,58.870000000000005
2025-06-22 13:48:10,31.1,39,27.090000000000032,58.83000000000004
2025-06-22 13:48:11,31.3,39,27.150000000000034,58.910000000000025
2025-06-22 13:48:12,31.3,39,27.110000000000014,58.73000000000002
2025-06-22 13:48:13,31.3,39,27.150000000000034,58.99000000000001
2025-06-22 13:48:14,31.5,38,27.190000000000055,59.01000000000005
2025-06-22 13:48:15,31.5,38,27.210000000000036,59.03000000000003
2025-06-22 13:48:16,31.5,38,27.210000000000036,59.03000000000003
2025-06-22 13:48:17,31.7,38,27.230000000000018,59.05000000000001
2025-06-22 13:48:18,31.7,38,27.27000000000004,58.99000000000001
2025-06-22 13:48:19,31.9,38,27.27000000000004,59.31
2025-06-22 13:48:20,31.9,38,27.310000000000002,59.07000000000005
2025-06-22 13:48:21,31.9,37,27.33000000000004,59.35000000000002
2025-06-22 13:48:23,32.4,37,27.390000000000043,59.51000000000005
2025-06-22 13:48:24,32.4,37,27.390000000000043,59.09000000000003
2025-06-22 13:48:26,32.5,37,27.430000000000007,59.63000000000005
2025-06-22 13:48:28,32.8,36,27.470000000000027,59.63000000000005
2025-06-22 13:48:30,32.8,36,27.510000000000048,59.690000000000055
2025-06-22 13:48:31,32.9,36,27.510000000000048,59.690000000000055
2025-06-22 13:48:32,32.9,36,27.55000000000001,59.610000000000014
2025-06-22 13:48:33,32.9,36,27.610000000000014,59.77000000000004
2025-06-22 13:48:34,33.2,36,27.610000000000014,59.73000000000002
2025-06-22 13:48:35,33.3,35,27.610000000000014,59.89000000000004
2025-06-22 13:48:36,33.3,35,27.630000000000052,59.93000000000001
2025-06-22 13:48:37,33.3,35,27.650000000000034,59.81
2025-06-22 13:48:38,33.5,35,27.670000000000016,59.77000000000004
2025-06-22 13:48:39,33.5,35,27.710000000000036,59.97000000000003
2025-06-22 13:48:40,33.7,35,27.710000000000036,60.05000000000001
2025-06-22 13:48:41,33.7,35,27.730000000000018,60.01000000000005
2025-06-22 13:48:42,33.7,35,27.750000000000057,59.870000000000005
2025-06-22 13:48:43,33.9,35,27.810000000000002,59.97000000000003
2025-06-22 13:48:44,33.9,35,27.810000000000002,59.910000000000025
2025-06-22 13:48:45,33.9,34,27.83000000000004,59.950000000000045
2025-06-22 13:48:47,34.3,34,27.870000000000005,60.13000000000005
2025-06-22 13:48:48,34.3,34,27.870000000000005,59.81
2025-06-22 13:48:49,34.3,34,27.930000000000007,60.05000000000001
2025-06-22 13:48:51,34.4,34,27.950000000000045,60.210000000000036
2025-06-22 13:48:53,34.7,34,27.970000000000027,60.210000000000036
2025-06-22 13:48:55,34.7,34,28.03000000000003,60.31
2025-06-22 13:48:56,34.8,33,28.07000000000005,60.150000000000034
2025-06-22 13:48:57,34.8,33,28.07000000000005,60.35000000000002
2025-06-22 13:48:58,34.8,33,28.090000000000032,60.450000000000045
2025-06-22 13:49:00,34.8,33,28.110000000000014,60.35000000000002
2025-06-22 13:49:01,34.8,33,28.150000000000034,60.450000000000045
2025-06-22 13:49:02,35.3,33,28.150000000000034,60.450000000000045
2025-06-22 13:49:03,35.3,33,28.170000000000016,60.53000000000003
2025-06-22 13:49:04,35.3,33,28.210000000000036,60.47000000000003
2025-06-22 13:49:05,35.4,33,28.210000000000036,60.59000000000003
2025-06-22 13:49:06,35.4,33,28.250000000000057,60.57000000000005
2025-06-22 13:49:07,35.6,32,28.27000000000004,60.63000000000005
2025-06-22 13:49:08,35.6,32,28.27000000000004,60.75000000000006
2025-06-22 13:49:09,35.6,32,28.29000000000002,60.51000000000005
2025-06-22 13:49:11,35.8,32,28.33000000000004,60.610000000000014
2025-06-22 13:49:12,35.8,32,28.350000000000023,60.59000000000003
2025-06-22 13:49:13,35.8,32,28.410000000000025,60.49000000000001
2025-06-22 13:49:15,36.0,32,28.390000000000043,60.610000000000014
2025-06-22 13:49:17,36.3,32,28.470000000000027,60.690000000000055
2025-06-22 13:49:19,36.3,32,28.510000000000048,60.710000000000036
2025-06-22 13:49:20,36.4,31,28.510000000000048,60.79000000000002
2025-06-22 13:49:21,36.4,31,28.53000000000003,60.77000000000004
2025-06-22 13:49:22,36.4,31,28.55000000000001,60.83000000000004
2025-06-22 13:49:23,36.6,31,28.590000000000032,60.870000000000005
2025-06-22 13:49:24,36.6,31,28.590000000000032,60.75000000000006
2025-06-22 13:49:25,36.7,31,28.630000000000052,60.910000000000025
2025-06-22 13:49:26,36.7,31,28.650000000000034,60.89000000000004
2025-06-22 13:49:27,36.7,31,28.630000000000052,60.85000000000002
2025-06-22 13:49:28,36.9,31,28.690000000000055,60.81
2025-06-22 13:49:29,36.9,31,28.710000000000036,60.93000000000001
2025-06-22 13:49:30,37.0,31,28.710000000000036,60.89000000000004
2025-06-22 13:49:31,37.0,31,28.730000000000018,60.950000000000045
2025-06-22 13:49:32,37.1,31,28.750000000000057,61.03000000000003
2025-06-22 13:49:33,37.1,31,28.77000000000004,60.97000000000003
2025-06-22 13:49:35,37.3,30,28.79000000000002,60.910000000000025
2025-06-22 13:49:36,37.3,30,28.83000000000004,60.77000000000004
2025-06-22 13:49:37,37.3,30,28.850000000000023,60.59000000000003
2025-06-22 13:49:39,37.5,30,28.870000000000005,60.99000000000001
2025-06-22 13:49:41,37.7,30,28.910000000000025,61.13000000000005
2025-06-22 13:49:43,37.7,30,28.950000000000045,61.07000000000005
2025-06-22 13:49:44,37.8,30,28.950000000000045,61.110000000000014
2025-06-22 13:49:45,37.8,30,28.99000000000001,61.190000000000055
2025-06-22 13:49:46,37.8,30,29.010000000000048,61.150000000000034
2025-06-22 13:49:47,38.0,30,29.010000000000048,61.05000000000001
2025-06-22 13:49:48,38.0,30,29.03000000000003,61.110000000000014
2025-06-22 13:49:49,38.1,29,29.05000000000001,61.25000000000006
2025-06-22 13:49:50,38.1,29,29.05000000000001,61.190000000000055
2025-06-22 13:49:51,38.1,29,29.07000000000005,61.210000000000036
2025-06-22 13:49:52,38.2,29,29.090000000000032,61.110000000000014
2025-06-22 13:49:53,38.2,29,29.150000000000034,61.29000000000002
2025-06-22 13:49:54,38.3,29,29.170000000000016,61.27000000000004
2025-06-22 13:49:55,38.3,29,29.170000000000016,61.210000000000036
2025-06-22 13:49:56,38.4,29,29.170000000000016,61.450000000000045
2025-06-22 13:49:57,38.4,29,29.170000000000016,61.210000000000036
2025-06-22 13:49:59,38.6,29,29.250000000000057,61.29000000000002
2025-06-22 13:50:00,38.6,29,29.230000000000018,61.43000000000001
2025-06-22 13:50:01,38.6,29,29.27000000000004,61.170000000000016
2025-06-22 13:50:03,38.7,29,29.29000000000002,61.33000000000004
2025-06-22 13:50:05,38.9,29,29.29000000000002,61.370000000000005
2025-06-22 13:50:07,38.9,29,29.350000000000023,61.410000000000025
2025-06-22 13:50:08,39.0,28,29.390000000000043,61.29000000000002
2025-06-22 13:50:09,39.0,28,29.410000000000025,61.47000000000003
2025-06-22 13:50:10,39.0,28,29.410000000000025,61.370000000000005
2025-06-22 13:50:11,39.1,28,29.390000000000043,61.33000000000004
2025-06-22 13:50:12,39.1,28,29.450000000000045,61.53000000000003
2025-06-22 13:50:13,39.2,28,29.470000000000027,61.110000000000014
2025-06-22 13:50:14,39.2,28,29.470000000000027,61.05000000000001
2025-06-22 13:50:15,39.2,28,29.510000000000048,61.13000000000005
2025-06-22 13:50:16,39.3,28,29.510000000000048,61.25000000000006
2025-06-22 13:50:17,39.3,28,29.510000000000048,61.23000000000002
2025-06-22 13:50:18,39.4,28,29.53000000000003,61.170000000000016
2025-06-22 13:50:19,39.4,28,29.590000000000032,61.29000000000002
2025-06-22 13:50:20,39.5,28,29.57000000000005,61.13000000000005
2025-06-22 13:50:23,39.5,28,29.610000000000014,61.09000000000003
2025-06-22 13:50:24,39.5,28,29.610000000000014,60.99000000000001
2025-06-22 13:50:26,39.7,27,29.670000000000016,61.35000000000002
2025-06-22 13:50:28,39.8,27,29.730000000000018,61.35000000000002
2025-06-22 13:50:30,39.8,27,29.710000000000036,61.27000000000004
2025-06-22 13:50:31,39.9,27,29.730000000000018,61.410000000000025
2025-06-22 13:50:32,39.9,27,29.730000000000018,61.29000000000002
2025-06-22 13:50:33,40.0,27,29.750000000000057,61.49000000000001
2025-06-22 13:50:34,40.0,27,29.810000000000002,61.29000000000002
2025-06-22 13:50:35,40.0,27,29.810000000000002,61.410000000000025
2025-06-22 13:50:36,40.0,27,29.83000000000004,61.47000000000003
2025-06-22 13:50:37,40.0,27,29.850000000000023,61.410000000000025
2025-06-22 13:50:38,40.0,27,29.850000000000023,61.410000000000025
2025-06-22 13:50:39,40.1,27,29.890000000000043,61.31
2025-06-22 13:50:40,40.1,27,29.890000000000043,61.410000000000025
2025-06-22 13:50:41,40.1,27,29.910000000000025,61.57000000000005
2025-06-22 13:50:42,40.2,27,29.890000000000043,61.47000000000003
2025-06-22 13:50:43,40.2,27,29.950000000000045,61.49000000000001
2025-06-22 13:50:44,40.2,27,29.970000000000027,61.650000000000034
2025-06-22 13:50:45,40.3,27,29.950000000000045,61.610000000000014
2025-06-22 13:50:46,40.3,27,30.010000000000048,61.55000000000001
2025-06-22 13:50:47,40.3,27,30.010000000000048,61.410000000000025
2025-06-22 13:50:48,40.3,27,30.010000000000048,61.370000000000005
2025-06-22 13:50:50,40.4,27,30.05000000000001,61.610000000000014
2025-06-22 13:50:52,40.4,27,30.07000000000005,61.63000000000005
2025-06-22 13:50:53,40.4,26,30.090000000000032,61.53000000000003
2025-06-22 13:50:54,40.4,26,30.090000000000032,61.55000000000001
2025-06-22 13:50:55,40.4,26,30.110000000000014,61.53000000000003
2025-06-22 13:50:56,40.5,26,30.110000000000014,61.63000000000005
2025-06-22 13:50:57,40.5,26,30.150000000000034,61.63000000000005
2025-06-22 13:50:58,40.6,26,30.170000000000016,61.77000000000004
2025-06-22 13:50:59,40.6,26,30.170000000000016,61.77000000000004
2025-06-22 13:51:00,40.6,26,30.190000000000055,61.89000000000004
2025-06-22 13:51:01,40.6,26,30.190000000000055,61.610000000000014
2025-06-22 13:51:02,40.6,26,30.210000000000036,61.79000000000002
2025-06-22 13:51:03,40.6,26,30.210000000000036,61.670000000000016
2025-06-22 13:51:04,40.7,26,30.27000000000004,61.650000000000034
2025-06-22 13:51:05,40.7,26,30.310000000000002,61.77000000000004
2025-06-22 13:51:06,40.7,26,30.29000000000002,61.610000000000014
2025-06-22 13:51:07,40.8,26,30.29000000000002,61.59000000000003
2025-06-22 13:51:08,40.8,26,30.29000000000002,61.63000000000005
2025-06-22 13:51:09,40.8,26,30.350000000000023,61.610000000000014
2025-06-22 13:51:10,40.8,26,30.33000000000004,61.77000000000004
2025-06-22 13:51:11,40.8,26,30.350000000000023,61.670000000000016
2025-06-22 13:51:13,40.8,26,30.390000000000043,61.690000000000055
2025-06-22 13:51:15,40.8,26,30.390000000000043,61.710000000000036
2025-06-22 13:51:16,40.9,26,30.430000000000007,61.870000000000005
2025-06-22 13:51:17,40.9,26,30.410000000000025,61.75000000000006
2025-06-22 13:51:18,40.9,26,30.430000000000007,61.75000000000006
2025-06-22 13:51:19,41.0,26,30.49000000000001,61.690000000000055
2025-06-22 13:51:20,41.0,26,30.510000000000048,61.57000000000005
2025-06-22 13:51:21,41.0,26,30.49000000000001,61.79000000000002
2025-06-22 13:51:22,41.0,26,30.53000000000003,61.870000000000005
2025-06-22 13:51:23,41.0,26,30.510000000000048,61.75000000000006
2025-06-22 13:51:24,41.0,26,30.53000000000003,61.77000000000004
2025-06-22 13:51:25,41.1,26,30.53000000000003,61.670000000000016
2025-06-22 13:51:26,41.1,26,30.57000000000005,61.79000000000002
2025-06-22 13:51:27,41.1,26,30.57000000000005,61.83000000000004
2025-06-22 13:51:28,41.1,26,30.590000000000032,61.910000000000025
2025-06-22 13:51:29,41.1,26,30.610000000000014,61.870000000000005
2025-06-22 13:51:32,41.2,26,30.630000000000052,61.77000000000004
2025-06-22 13:51:33,41.2,26,30.630000000000052,61.51000000000005
2025-06-22 13:51:35,41.3,26,30.710000000000036,61.99000000000001
2025-06-22 13:51:37,41.3,26,30.690000000000055,61.83000000000004
2025-06-22 13:51:39,41.3,26,30.730000000000018,61.950000000000045
2025-06-22 13:51:40,41.3,25,30.730000000000018,61.950000000000045
2025-06-22 13:51:41,41.3,25,30.730000000000018,62.03000000000003
2025-06-22 13:51:42,41.3,25,30.79000000000002,61.910000000000025
2025-06-22 13:51:43,41.4,25,30.77000000000004,62.03000000000003
2025-06-22 13:51:44,41.4,25,30.79000000000002,62.09000000000003
2025-06-22 13:51:45,41.4,25,30.810000000000002,61.870000000000005
2025-06-22 13:51:46,41.4,25,30.83000000000004,61.97000000000003
2025-06-22 13:51:47,41.4,25,30.810000000000002,61.910000000000025
2025-06-22 13:51:48,41.4,25,30.850000000000023,61.950000000000045
2025-06-22 13:51:49,41.5,25,30.850000000000023,62.03000000000003
2025-06-22 13:51:50,41.5,25,30.850000000000023,61.83000000000004
2025-06-22 13:51:51,41.5,25,30.870000000000005,62.01000000000005
2025-06-22 13:51:52,41.5,25,30.930000000000007,61.950000000000045
2025-06-22 13:51:53,41.5,25,30.930000000000007,61.99000000000001
2025-06-22 13:51:54,41.6,25,30.930000000000007,61.79000000000002
2025-06-22 13:51:55,41.6,25,30.930000000000007,61.55000000000001
2025-06-22 13:51:56,41.6,25,30.950000000000045,62.01000000000005
2025-06-22 13:51:58,41.6,25,30.99000000000001,62.13000000000005
2025-06-22 13:52:00,41.7,25,31.010000000000048,61.99000000000001
2025-06-22 13:52:01,41.7,25,31.010000000000048,62.01000000000005
2025-06-22 13:52:02,41.7,25,31.03000000000003,62.05000000000001
2025-06-22 13:52:03,41.7,25,31.03000000000003,62.05000000000001
2025-06-22 13:52:04,41.7,25,31.03000000000003,61.950000000000045
2025-06-22 13:52:05,41.7,25,31.07000000000005,62.170000000000016
2025-06-22 13:52:06,41.7,25,31.07000000000005,61.99000000000001
2025-06-22 13:52:07,41.7,25,31.07000000000005,61.99000000000001
2025-06-22 13:52:08,41.8,25,31.090000000000032,62.170000000000016
2025-06-22 13:52:09,41.8,25,31.090000000000032,62.110000000000014
2025-06-22 13:52:10,41.8,25,31.090000000000032,62.110000000000014
2025-06-22 13:52:11,41.8,25,31.170000000000016,62.110000000000014
2025-06-22 13:52:12,41.8,25,31.150000000000034,62.13000000000005
2025-06-22 13:52:13,41.8,25,31.170000000000016,62.09000000000003
2025-06-22 13:52:14,41.8,25,31.190000000000055,61.99000000000001
2025-06-22 13:52:15,41.8,25,31.190000000000055,62.01000000000005
2025-06-22 13:52:17,41.9,25,31.170000000000016,61.950000000000045
2025-06-22 13:52:18,41.9,25,31.210000000000036,61.85000000000002
2025-06-22 13:52:20,41.9,25,31.230000000000018,62.07000000000005
2025-06-22 13:52:22,42.0,25,31.250000000000057,62.33000000000004
2025-06-22 13:52:24,42.0,25,31.27000000000004,62.03000000000003
2025-06-22 13:52:25,42.0,25,31.310000000000002,62.13000000000005
2025-06-22 13:52:26,42.0,25,31.350000000000023,62.09000000000003
2025-06-22 13:52:27,42.1,25,31.310000000000002,62.39000000000004
2025-06-22 13:52:28,42.1,25,31.310000000000002,62.190000000000055
2025-06-22 13:52:29,42.1,25,31.350000000000023,62.33000000000004
2025-06-22 13:52:30,42.1,25,31.370000000000005,62.07000000000005
2025-06-22 13:52:31,42.1,25,31.390000000000043,62.27000000000004
2025-06-22 13:52:32,42.1,25,31.390000000000043,62.31
2025-06-22 13:52:33,42.1,25,31.390000000000043,62.110000000000014
2025-06-22 13:52:34,42.2,25,31.410000000000025,62.23000000000002
2025-06-22 13:52:35,42.2,25,31.410000000000025,62.01000000000005
2025-06-22 13:52:36,42.2,25,31.450000000000045,62.01000000000005
2025-06-22 13:52:37,42.2,25,31.430000000000007,62.13000000000005
2025-06-22 13:52:38,42.2,25,31.470000000000027,62.23000000000002
2025-06-22 13:52:39,42.2,25,31.49000000000001,62.29000000000002
2025-06-22 13:52:41,42.2,25,31.49000000000001,62.31
2025-06-22 13:52:43,42.2,25,31.470000000000027,62.190000000000055
2025-06-22 13:52:44,42.2,25,31.49000000000001,62.110000000000014
2025-06-22 13:52:46,42.3,25,31.53000000000003,62.33000000000004
2025-06-22 13:52:47,42.3,25,31.57000000000005,62.43000000000001
2025-06-22 13:52:48,42.3,25,31.53000000000003,62.370000000000005
2025-06-22 13:52:49,42.3,25,31.57000000000005,62.43000000000001
2025-06-22 13:52:50,42.3,25,31.57000000000005,62.29000000000002
2025-06-22 13:52:51,42.3,25,31.590000000000032,62.35000000000002
2025-06-22 13:52:52,42.3,25,31.630000000000052,62.33000000000004
2025-06-22 13:52:53,42.3,25,31.610000000000014,62.370000000000005
2025-06-22 13:52:54,42.4,25,31.610000000000014,62.27000000000004
2025-06-22 13:52:55,42.4,25,31.630000000000052,62.29000000000002
2025-06-22 13:52:56,42.4,24,31.630000000000052,62.33000000000004
2025-06-22 13:52:57,42.4,24,31.630000000000052,62.33000000000004
2025-06-22 13:52:58,42.4,24,31.630000000000052,62.23000000000002
2025-06-22 13:52:59,42.4,24,31.670000000000016,62.210000000000036
2025-06-22 13:53:00,42.4,24,31.670000000000016,62.13000000000005
2025-06-22 13:53:01,42.5,24,31.690000000000055,62.370000000000005
2025-06-22 13:53:02,42.5,24,31.690000000000055,62.05000000000001
2025-06-22 13:53:04,42.5,24,31.730000000000018,62.35000000000002
2025-06-22 13:53:06,42.5,24,31.730000000000018,62.25000000000006
2025-06-22 13:53:07,42.5,24,31.750000000000057,62.47000000000003
2025-06-22 13:53:08,42.5,24,31.730000000000018,62.35000000000002
2025-06-22 13:53:09,42.5,24,31.730000000000018,62.31
2025-06-22 13:53:10,42.5,24,31.750000000000057,62.31
2025-06-22 13:53:11,42.5,24,31.750000000000057,62.33000000000004
2025-06-22 13:53:12,42.5,24,31.79000000000002,62.29000000000002
2025-06-22 13:53:13,42.5,24,31.810000000000002,62.39000000000004
2025-06-22 13:53:14,42.6,24,31.810000000000002,62.35000000000002
2025-06-22 13:53:15,42.6,24,31.83000000000004,62.370000000000005
2025-06-22 13:53:16,42.6,24,31.83000000000004,62.35000000000002
2025-06-22 13:53:17,42.6,24,31.850000000000023,62.47000000000003
2025-06-22 13:53:18,42.6,24,31.83000000000004,62.27000000000004
2025-06-22 13:53:19,42.6,24,31.870000000000005,62.35000000000002
2025-06-22 13:53:20,42.6,24,31.870000000000005,62.31
2025-06-22 13:53:21,42.6,24,31.870000000000005,62.49000000000001
2025-06-22 13:53:22,42.6,24,31.870000000000005,62.31
2025-06-22 13:53:23,42.6,24,31.910000000000025,62.25000000000006
2025-06-22 13:53:24,42.6,24,31.910000000000025,62.35000000000002
2025-06-22 13:53:25,42.6,24,31.910000000000025,62.23000000000002
2025-06-22 13:53:27,42.7,24,31.930000000000007,62.53000000000003
2025-06-22 13:53:29,42.7,24,31.950000000000045,62.63000000000005
2025-06-22 13:53:30,42.7,24,31.970000000000027,62.650000000000034
2025-06-22 13:53:31,42.7,24,31.950000000000045,62.43000000000001
2025-06-22 13:53:32,42.7,24,32.01000000000005,62.49000000000001
2025-06-22 13:53:33,42.7,24,31.970000000000027,62.39000000000004
2025-06-22 13:53:34,42.7,24,31.950000000000045,62.53000000000003
2025-06-22 13:53:35,42.7,24,31.970000000000027,62.35000000000002
2025-06-22 13:53:36,42.7,24,31.970000000000027,62.47000000000003
2025-06-22 13:53:37,42.8,24,32.05000000000001,62.55000000000001
2025-06-22 13:53:38,42.8,24,32.03000000000003,62.63000000000005
2025-06-22 13:53:40,42.8,24,32.07000000000005,62.53000000000003
2025-06-22 13:53:41,42.8,24,32.07000000000005,62.77000000000004
2025-06-22 13:53:42,42.8,24,32.05000000000001,62.73000000000002
2025-06-22 13:53:43,42.8,24,32.07000000000005,62.610000000000014
2025-06-22 13:53:44,42.8,24,32.07000000000005,62.59000000000003
2025-06-22 13:53:47,42.8,24,32.110000000000014,62.43000000000001
2025-06-22 13:53:49,42.8,24,32.13000000000005,62.650000000000034
2025-06-22 13:53:51,42.8,24,32.13000000000005,62.53000000000003
2025-06-22 13:53:52,42.8,24,32.150000000000034,62.670000000000016
2025-06-22 13:53:53,42.8,24,32.150000000000034,62.650000000000034
2025-06-22 13:53:54,42.8,24,32.150000000000034,62.53000000000003
2025-06-22 13:53:55,42.8,24,32.170000000000016,62.63000000000005
2025-06-22 13:53:56,42.8,24,32.190000000000055,62.49000000000001
2025-06-22 13:53:57,42.8,24,32.190000000000055,62.49000000000001
2025-06-22 13:53:58,42.9,24,32.190000000000055,62.59000000000003
2025-06-22 13:53:59,42.9,24,32.190000000000055,62.53000000000003
2025-06-22 13:54:00,42.9,24,32.25000000000006,62.650000000000034
2025-06-22 13:54:01,42.9,24,32.27000000000004,62.63000000000005
2025-06-22 13:54:02,42.9,24,32.23000000000002,62.450000000000045
2025-06-22 13:54:03,42.9,24,32.27000000000004,62.63000000000005
2025-06-22 13:54:04,42.9,24,32.27000000000004,62.51000000000005
2025-06-22 13:54:05,42.9,24,32.27000000000004,62.55000000000001
2025-06-22 13:54:06,42.9,24,32.27000000000004,62.59000000000003
2025-06-22 13:54:07,42.9,24,32.29000000000002,62.33000000000004
2025-06-22 13:54:08,42.9,24,32.33000000000004,62.63000000000005
2025-06-22 13:54:10,42.9,24,32.33000000000004,62.63000000000005
2025-06-22 13:54:12,42.9,24,32.33000000000004,62.53000000000003
2025-06-22 13:54:14,43.0,24,32.33000000000004,62.690000000000055
2025-06-22 13:54:15,43.0,24,32.33000000000004,62.59000000000003
2025-06-22 13:54:16,43.0,24,32.33000000000004,62.650000000000034
2025-06-22 13:54:17,43.0,24,32.39000000000004,62.73000000000002
2025-06-22 13:54:18,43.0,24,32.370000000000005,62.710000000000036
2025-06-22 13:54:19,43.0,24,32.39000000000004,62.73000000000002
2025-06-22 13:54:20,43.0,24,32.370000000000005,62.650000000000034
2025-06-22 13:54:21,43.0,24,32.410000000000025,62.710000000000036
2025-06-22 13:54:22,43.0,24,32.410000000000025,62.85000000000002
2025-06-22 13:54:23,43.0,24,32.39000000000004,62.63000000000005
2025-06-22 13:54:24,43.0,24,32.39000000000004,62.55000000000001
2025-06-22 13:54:25,43.0,24,32.410000000000025,62.53000000000003
2025-06-22 13:54:26,43.0,24,32.410000000000025,62.650000000000034
2025-06-22 13:54:27,43.0,24,32.410000000000025,62.710000000000036
2025-06-22 13:54:28,43.0,24,32.450000000000045,62.35000000000002
2025-06-22 13:54:29,43.1,24,32.49000000000001,62.75000000000006
2025-06-22 13:54:30,43.1,24,32.49000000000001,62.410000000000025
2025-06-22 13:54:34,43.1,24,32.51000000000005,62.77000000000004
2025-06-22 13:54:35,43.0,24,32.49000000000001,62.75000000000006
2025-06-22 13:54:36,43.0,24,32.53000000000003,62.690000000000055
2025-06-22 13:54:37,43.0,24,32.53000000000003,62.670000000000016
2025-06-22 13:54:38,43.1,24,32.53000000000003,62.89000000000004
2025-06-22 13:54:39,43.1,24,32.53000000000003,62.690000000000055
2025-06-22 13:54:40,43.1,24,32.55000000000001,62.85000000000002
2025-06-22 13:54:41,43.1,24,32.55000000000001,62.77000000000004
2025-06-22 13:54:42,43.1,24,32.59000000000003,62.910000000000025
2025-06-22 13:54:43,43.1,24,32.59000000000003,62.81
2025-06-22 13:54:44,43.1,24,32.59000000000003,62.81
2025-06-22 13:54:45,43.1,24,32.59000000000003,62.89000000000004
2025-06-22 13:54:46,43.1,24,32.63000000000005,62.81
2025-06-22 13:54:47,43.1,24,32.57000000000005,62.81
2025-06-22 13:54:48,43.1,24,32.610000000000014,62.710000000000036
2025-06-22 13:54:50,43.1,24,32.610000000000014,62.79000000000002
2025-06-22 13:54:51,43.1,24,32.670000000000016,62.73000000000002
2025-06-22 13:54:52,43.1,24,32.63000000000005,62.670000000000016
2025-06-22 13:54:54,43.2,24,32.63000000000005,62.81
2025-06-22 13:54:56,43.2,24,32.690000000000055,62.910000000000025
2025-06-22 13:54:57,43.2,24,32.63000000000005,62.910000000000025
2025-06-22 13:54:58,43.2,24,32.690000000000055,62.85000000000002
2025-06-22 13:54:59,43.2,24,32.710000000000036,62.950000000000045
2025-06-22 13:55:00,43.2,24,32.690000000000055,62.910000000000025
2025-06-22 13:55:01,43.2,24,32.690000000000055,62.75000000000006
2025-06-22 13:55:02,43.2,24,32.710000000000036,62.950000000000045
2025-06-22 13:55:03,43.2,24,32.73000000000002,62.77000000000004
2025-06-22 13:55:04,43.2,24,32.73000000000002,62.93000000000001
2025-06-22 13:55:05,43.2,24,32.73000000000002,62.97000000000003
2025-06-22 13:55:06,43.2,24,32.73000000000002,62.85000000000002
2025-06-22 13:55:07,43.2,24,32.75000000000006,62.910000000000025
2025-06-22 13:55:08,43.2,24,32.75000000000006,62.79000000000002
2025-06-22 13:55:09,43.2,24,32.77000000000004,62.99000000000001
2025-06-22 13:55:10,43.2,24,32.75000000000006,62.77000000000004
2025-06-22 13:55:11,43.2,24,32.77000000000004,63.07000000000005
2025-06-22 13:55:13,43.3,24,32.81,62.910000000000025
2025-06-22 13:55:15,43.3,24,32.79000000000002,62.99000000000001
2025-06-22 13:55:16,43.3,24,32.79000000000002,62.97000000000003
2025-06-22 13:55:18,43.3,24,32.83000000000004,62.99000000000001
2025-06-22 13:55:19,43.3,24,32.81,62.99000000000001
2025-06-22 13:55:20,43.3,24,32.85000000000002,63.01000000000005
2025-06-22 13:55:21,43.3,24,32.83000000000004,62.93000000000001
2025-06-22 13:55:22,43.3,24,32.89000000000004,63.03000000000003
2025-06-22 13:55:23,43.3,24,32.89000000000004,62.99000000000001
2025-06-22 13:55:24,43.3,24,32.85000000000002,62.950000000000045
2025-06-22 13:55:25,43.3,24,32.89000000000004,62.93000000000001
2025-06-22 13:55:26,43.3,24,32.85000000000002,62.950000000000045
2025-06-22 13:55:27,43.3,24,32.85000000000002,62.89000000000004
2025-06-22 13:55:28,43.3,24,32.89000000000004,62.93000000000001
2025-06-22 13:55:29,43.3,24,32.89000000000004,62.99000000000001
2025-06-22 13:55:30,43.4,24,32.910000000000025,63.13000000000005
2025-06-22 13:55:31,43.4,24,32.85000000000002,62.85000000000002
2025-06-22 13:55:32,43.4,24,32.89000000000004,62.97000000000003
2025-06-22 13:55:33,43.4,24,32.93000000000001,63.07000000000005
2025-06-22 13:55:34,43.4,24,32.93000000000001,63.110000000000014
2025-06-22 13:55:36,43.4,23,32.93000000000001,63.07000000000005
2025-06-22 13:55:38,43.4,23,32.950000000000045,63.13000000000005
2025-06-22 13:55:39,43.4,24,32.950000000000045,63.03000000000003
2025-06-22 13:55:40,43.4,24,32.97000000000003,63.07000000000005
2025-06-22 13:55:41,43.4,23,32.97000000000003,63.03000000000003
2025-06-22 13:55:42,43.4,23,32.99000000000001,63.07000000000005
2025-06-22 13:55:43,43.4,23,32.99000000000001,63.01000000000005
2025-06-22 13:55:44,43.4,23,32.99000000000001,62.950000000000045
2025-06-22 13:55:45,43.4,23,32.99000000000001,63.170000000000016
2025-06-22 13:55:46,43.4,23,33.03000000000003,63.110000000000014
2025-06-22 13:55:47,43.5,23,32.99000000000001,63.09000000000003
2025-06-22 13:55:48,43.5,23,33.01000000000005,63.13000000000005
2025-06-22 13:55:49,43.5,23,33.03000000000003,63.150000000000034
2025-06-22 13:55:50,43.5,23,33.03000000000003,63.09000000000003
2025-06-22 13:55:51,43.5,23,33.03000000000003,63.150000000000034
2025-06-22 13:55:52,43.5,24,33.03000000000003,63.03000000000003
2025-06-22 13:55:53,43.5,24,33.05000000000001,63.07000000000005
2025-06-22 13:55:54,43.5,24,33.03000000000003,62.73000000000002
2025-06-22 13:55:55,43.5,24,33.05000000000001,62.950000000000045
2025-06-22 13:55:56,43.5,24,33.07000000000005,62.81
2025-06-22 13:55:58,43.5,24,33.05000000000001,63.170000000000016
2025-06-22 13:56:00,43.5,24,33.07000000000005,63.150000000000034
2025-06-22 13:56:01,43.5,24,33.110000000000014,63.210000000000036
2025-06-22 13:56:02,43.5,24,33.07000000000005,63.13000000000005
2025-06-22 13:56:03,43.5,24,33.07000000000005,62.97000000000003
2025-06-22 13:56:04,43.5,24,33.110000000000014,63.25000000000006
2025-06-22 13:56:05,43.5,24,33.13000000000005,63.190000000000055
2025-06-22 13:56:06,43.5,24,33.13000000000005,63.110000000000014
2025-06-22 13:56:07,43.5,24,33.150000000000034,62.99000000000001
2025-06-22 13:56:08,43.5,24,33.13000000000005,63.07000000000005
2025-06-22 13:56:09,43.5,24,33.150000000000034,63.170000000000016
2025-06-22 13:56:10,43.6,23,33.13000000000005,63.01000000000005
2025-06-22 13:56:11,43.6,23,33.150000000000034,63.25000000000006
2025-06-22 13:56:12,43.6,23,33.150000000000034,63.210000000000036
2025-06-22 13:56:13,43.6,24,33.170000000000016,63.13000000000005
2025-06-22 13:56:14,43.6,24,33.170000000000016,62.950000000000045
2025-06-22 13:56:15,43.6,23,33.150000000000034,63.13000000000005
2025-06-22 13:56:16,43.6,23,33.190000000000055,62.81
2025-06-22 13:56:17,43.6,23,33.190000000000055,62.75000000000006
2025-06-22 13:56:18,43.6,23,33.190000000000055,63.27000000000004
2025-06-22 13:56:20,43.6,23,33.190000000000055,63.190000000000055
2025-06-22 13:56:22,43.6,23,33.210000000000036,63.13000000000005
2025-06-22 13:56:23,43.6,23,33.23000000000002,63.190000000000055
2025-06-22 13:56:24,43.6,23,33.23000000000002,63.190000000000055
2025-06-22 13:56:25,43.6,23,33.23000000000002,63.190000000000055
2025-06-22 13:56:26,43.6,23,33.23000000000002,63.170000000000016
2025-06-22 13:56:27,43.6,23,33.25000000000006,63.150000000000034
2025-06-22 13:56:28,43.6,23,33.23000000000002,63.23000000000002
2025-06-22 13:56:29,43.6,23,33.210000000000036,63.27000000000004
2025-06-22 13:56:30,43.6,24,33.27000000000004,63.03000000000003
2025-06-22 13:56:31,43.6,24,33.29000000000002,63.150000000000034
2025-06-22 13:56:32,43.6,23,33.25000000000006,63.150000000000034
2025-06-22 13:56:33,43.6,23,33.25000000000006,63.210000000000036
2025-06-22 13:56:34,43.6,23,33.27000000000004,63.13000000000005
2025-06-22 13:56:35,43.6,23,33.29000000000002,63.190000000000055
2025-06-22 13:56:36,43.6,23,33.29000000000002,63.13000000000005
2025-06-22 13:56:37,43.6,23,33.27000000000004,63.31
2025-06-22 13:56:38,43.6,23,33.31,63.09000000000003
2025-06-22 13:56:39,43.6,23,33.29000000000002,62.950000000000045
2025-06-22 13:56:41,43.6,23,33.29000000000002,63.13000000000005
2025-06-22 13:56:43,43.6,23,33.35000000000002,63.110000000000014
2025-06-22 13:56:44,43.7,23,33.35000000000002,63.150000000000034
2025-06-22 13:56:45,43.7,23,33.370000000000005,63.23000000000002
2025-06-22 13:56:46,43.7,23,33.31,63.23000000000002
2025-06-22 13:56:47,43.7,23,33.35000000000002,63.150000000000034
2025-06-22 13:56:48,43.7,23,33.35000000000002,63.27000000000004
2025-06-22 13:56:49,43.7,23,33.370000000000005,63.190000000000055
2025-06-22 13:56:50,43.7,23,33.370000000000005,63.170000000000016
2025-06-22 13:56:51,43.7,23,33.31,63.190000000000055
2025-06-22 13:56:52,43.7,23,33.410000000000025,63.07000000000005
2025-06-22 13:56:53,43.7,23,33.39000000000004,63.110000000000014
2025-06-22 13:56:54,43.7,23,33.39000000000004,63.210000000000036
2025-06-22 13:56:55,43.7,23,33.39000000000004,63.210000000000036
2025-06-22 13:56:56,43.7,23,33.410000000000025,63.210000000000036
2025-06-22 13:56:57,43.7,23,33.410000000000025,63.33000000000004
2025-06-22 13:56:59,43.7,23,33.39000000000004,63.25000000000006
2025-06-22 13:57:00,43.7,23,33.43000000000001,62.85000000000002
2025-06-22 13:57:01,43.7,23,33.450000000000045,62.93000000000001
2025-06-22 13:57:03,43.7,23,33.43000000000001,63.210000000000036
2025-06-22 13:57:06,43.7,23,33.450000000000045,63.23000000000002
2025-06-22 13:57:07,43.7,23,33.450000000000045,63.110000000000014
2025-06-22 13:57:08,43.7,23,33.450000000000045,63.210000000000036
2025-06-22 13:57:09,43.7,23,33.47000000000003,63.210000000000036
2025-06-22 13:57:10,43.7,23,33.47000000000003,63.210000000000036
2025-06-22 13:57:11,43.6,23,33.47000000000003,63.03000000000003
2025-06-22 13:57:12,43.6,23,33.49000000000001,63.23000000000002
2025-06-22 13:57:13,43.6,23,33.47000000000003,63.31
2025-06-22 13:57:14,43.6,23,33.49000000000001,63.110000000000014
2025-06-22 13:57:15,43.6,23,33.47000000000003,63.190000000000055
2025-06-22 13:57:16,43.6,23,33.51000000000005,63.23000000000002
2025-06-22 13:57:17,43.6,23,33.53000000000003,63.150000000000034
2025-06-22 13:57:18,43.6,23,33.49000000000001,63.13000000000005
2025-06-22 13:57:19,43.6,23,33.51000000000005,63.31
2025-06-22 13:57:20,43.6,23,33.51000000000005,63.190000000000055
2025-06-22 13:57:21,43.6,23,33.51000000000005,63.150000000000034
2025-06-22 13:57:23,43.7,24,33.57000000000005,63.150000000000034
2025-06-22 13:57:25,43.7,24,33.53000000000003,63.190000000000055
2025-06-22 13:57:26,43.6,24,33.57000000000005,63.210000000000036
2025-06-22 13:57:27,43.6,24,33.57000000000005,63.27000000000004
2025-06-22 13:57:28,43.6,24,33.57000000000005,63.27000000000004
2025-06-22 13:57:29,43.7,24,33.57000000000005,63.31
2025-06-22 13:57:30,43.7,24,33.57000000000005,63.31
2025-06-22 13:57:31,43.6,24,33.59000000000003,63.27000000000004
2025-06-22 13:57:32,43.6,24,33.57000000000005,63.170000000000016
2025-06-22 13:57:33,43.7,24,33.63000000000005,63.23000000000002
2025-06-22 13:57:34,43.7,24,33.63000000000005,63.27000000000004
2025-06-22 13:57:35,43.7,24,33.610000000000014,63.35000000000002
2025-06-22 13:57:36,43.6,24,33.610000000000014,63.190000000000055
2025-06-22 13:57:37,43.6,24,33.63000000000005,63.13000000000005
2025-06-22 13:57:38,43.6,24,33.63000000000005,63.23000000000002
2025-06-22 13:57:39,43.6,24,33.63000000000005,63.03000000000003
2025-06-22 13:57:41,43.6,24,33.63000000000005,63.110000000000014
2025-06-22 13:57:42,43.6,24,33.63000000000005,63.03000000000003
2025-06-22 13:57:43,43.6,24,33.63000000000005,63.170000000000016
