epoch,iso,raw_barometer
1753730080.2668264,2025-07-28T20:14:40.266835,0
1753730080.366611,2025-07-28T20:14:40.366618,148.56
1753730080.4668763,2025-07-28T20:14:40.466884,148.56
1753730080.5671694,2025-07-28T20:14:40.567179,148.56
1753730080.667351,2025-07-28T20:14:40.667358,148.34
1753730080.7675705,2025-07-28T20:14:40.767578,148.34
1753730080.8679035,2025-07-28T20:14:40.867911,148.34
1753730080.9681356,2025-07-28T20:14:40.968143,148.25
1753730081.0683446,2025-07-28T20:14:41.068354,148.25
1753730081.1683958,2025-07-28T20:14:41.168404,148.51
1753730081.2686467,2025-07-28T20:14:41.268654,148.51
1753730081.3694756,2025-07-28T20:14:41.369485,148.51
1753730081.4696643,2025-07-28T20:14:41.469673,148.15
1753730081.56967,2025-07-28T20:14:41.569679,148.15
1753730081.6699102,2025-07-28T20:14:41.669918,148.15
1753730081.770174,2025-07-28T20:14:41.770182,148.15
1753730081.870367,2025-07-28T20:14:41.870375,148.15
1753730081.9705334,2025-07-28T20:14:41.970541,148.15
1753730082.0709302,2025-07-28T20:14:42.070938,148.03
1753730082.1711793,2025-07-28T20:14:42.171187,148.03
1753730082.271445,2025-07-28T20:14:42.271453,148.3
1753730082.371993,2025-07-28T20:14:42.372001,148.3
1753730082.4720762,2025-07-28T20:14:42.472083,148.3
1753730082.572293,2025-07-28T20:14:42.572301,148.19
1753730082.6724873,2025-07-28T20:14:42.672495,148.19
1753730082.7726986,2025-07-28T20:14:42.772706,148.19
1753730082.8731894,2025-07-28T20:14:42.873197,148.15
1753730082.973271,2025-07-28T20:14:42.973277,148.15
1753730083.0735722,2025-07-28T20:14:43.073579,148.15
1753730083.173925,2025-07-28T20:14:43.173932,148.08
1753730083.2740104,2025-07-28T20:14:43.274019,148.08
1753730083.3742602,2025-07-28T20:14:43.374267,148.38
1753730083.4743795,2025-07-28T20:14:43.474387,148.38
1753730083.5753386,2025-07-28T20:14:43.575349,148.38
1753730083.6754558,2025-07-28T20:14:43.675465,148.29
1753730083.7755744,2025-07-28T20:14:43.775583,148.29
1753730083.8760397,2025-07-28T20:14:43.876050,148.29
1753730083.9759777,2025-07-28T20:14:43.975986,148.27
1753730084.0764697,2025-07-28T20:14:44.076478,148.27
1753730084.1769862,2025-07-28T20:14:44.176995,148.27
1753730084.2771583,2025-07-28T20:14:44.277168,148.37
1753730084.377422,2025-07-28T20:14:44.377430,148.37
1753730084.4776797,2025-07-28T20:14:44.477689,148.37
1753730084.577943,2025-07-28T20:14:44.577952,148.43
1753730084.6783361,2025-07-28T20:14:44.678349,148.43
1753730084.7786858,2025-07-28T20:14:44.778695,148.43
1753730084.8789022,2025-07-28T20:14:44.878912,148.18
1753730084.97909,2025-07-28T20:14:44.979100,148.18
1753730085.0793946,2025-07-28T20:14:45.079404,148.41
1753730085.1797628,2025-07-28T20:14:45.179773,148.41
1753730085.2798846,2025-07-28T20:14:45.279892,148.41
1753730085.3801372,2025-07-28T20:14:45.380158,148.11
1753730085.4803476,2025-07-28T20:14:45.480355,148.11
1753730085.5806031,2025-07-28T20:14:45.580610,148.11
1753730085.680798,2025-07-28T20:14:45.680805,148.12
1753730085.7812004,2025-07-28T20:14:45.781208,148.12
1753730085.8813992,2025-07-28T20:14:45.881406,148.12
1753730085.9814665,2025-07-28T20:14:45.981474,148.43
1753730086.0818486,2025-07-28T20:14:46.081856,148.43
1753730086.1821625,2025-07-28T20:14:46.182170,148.2
1753730086.2825162,2025-07-28T20:14:46.282525,148.2
1753730086.3826857,2025-07-28T20:14:46.382693,148.2
1753730086.4828882,2025-07-28T20:14:46.482896,148.29
1753730086.5831163,2025-07-28T20:14:46.583124,148.29
1753730086.6833327,2025-07-28T20:14:46.683340,148.29
1753730086.7835598,2025-07-28T20:14:46.783567,148.22
1753730086.8838565,2025-07-28T20:14:46.883865,148.22
1753730086.984117,2025-07-28T20:14:46.984125,148.22
1753730087.084249,2025-07-28T20:14:47.084256,148.42
1753730087.1845767,2025-07-28T20:14:47.184584,148.42
1753730087.2847648,2025-07-28T20:14:47.284772,148.42
1753730087.3849788,2025-07-28T20:14:47.384986,148.33
1753730087.485332,2025-07-28T20:14:47.485340,148.33
1753730087.585726,2025-07-28T20:14:47.585734,148.22
1753730087.685687,2025-07-28T20:14:47.685694,148.22
1753730087.7859578,2025-07-28T20:14:47.785965,148.22
1753730087.8861668,2025-07-28T20:14:47.886174,148.32
1753730087.9865055,2025-07-28T20:14:47.986513,148.32
1753730088.0870128,2025-07-28T20:14:48.087021,148.32
1753730088.1870525,2025-07-28T20:14:48.187059,148.05
1753730088.287307,2025-07-28T20:14:48.287314,148.05
1753730088.3874578,2025-07-28T20:14:48.387464,148.27
1753730088.487686,2025-07-28T20:14:48.487692,148.27
1753730088.5878978,2025-07-28T20:14:48.587905,148.27
1753730088.688141,2025-07-28T20:14:48.688148,148.2
1753730088.7883763,2025-07-28T20:14:48.788382,148.2
1753730088.8887706,2025-07-28T20:14:48.888778,148.2
1753730088.988889,2025-07-28T20:14:48.988896,148.25
1753730089.0890944,2025-07-28T20:14:49.089102,148.25
1753730089.1894329,2025-07-28T20:14:49.189440,148.25
1753730089.289599,2025-07-28T20:14:49.289606,148.21
1753730089.3898885,2025-07-28T20:14:49.389895,148.21
1753730089.4901652,2025-07-28T20:14:49.490173,148.32
1753730089.5903275,2025-07-28T20:14:49.590336,148.32
1753730089.6905735,2025-07-28T20:14:49.690580,148.32
1753730089.790781,2025-07-28T20:14:49.790788,148.46
1753730089.891131,2025-07-28T20:14:49.891138,148.46
1753730089.9913335,2025-07-28T20:14:49.991340,148.46
1753730090.0915616,2025-07-28T20:14:50.091569,148.25
1753730090.1923826,2025-07-28T20:14:50.192393,148.25
1753730090.292504,2025-07-28T20:14:50.292513,148.25
1753730090.392746,2025-07-28T20:14:50.392755,148.2
1753730090.4930024,2025-07-28T20:14:50.493012,148.2
1753730090.5933943,2025-07-28T20:14:50.593404,148.2
1753730090.6935885,2025-07-28T20:14:50.693599,148.3
1753730090.7940137,2025-07-28T20:14:50.794024,148.3
1753730090.8942053,2025-07-28T20:14:50.894215,148.09
1753730090.9946747,2025-07-28T20:14:50.994682,148.09
1753730091.0947287,2025-07-28T20:14:51.094739,148.09
1753730091.1953046,2025-07-28T20:14:51.195314,148.28
1753730091.2962542,2025-07-28T20:14:51.296264,148.28
1753730091.3963757,2025-07-28T20:14:51.396385,148.28
1753730091.4966667,2025-07-28T20:14:51.496677,148.23
1753730091.5969217,2025-07-28T20:14:51.596929,148.23
1753730091.6975424,2025-07-28T20:14:51.697552,148.23
1753730091.79752,2025-07-28T20:14:51.797528,148.06
1753730091.8980882,2025-07-28T20:14:51.898097,148.06
1753730091.9982052,2025-07-28T20:14:51.998216,148.06
1753730092.0985813,2025-07-28T20:14:52.098591,148.23
1753730092.1988065,2025-07-28T20:14:52.198816,148.23
1753730092.2988822,2025-07-28T20:14:52.298889,148.23
1753730092.3992698,2025-07-28T20:14:52.399277,148.23
1753730092.4997702,2025-07-28T20:14:52.499777,148.23
1753730092.5995195,2025-07-28T20:14:52.599527,147.99
1753730092.6998048,2025-07-28T20:14:52.699812,147.99
1753730092.8000338,2025-07-28T20:14:52.800041,147.99
1753730092.9002938,2025-07-28T20:14:52.900302,148.19
1753730093.0005522,2025-07-28T20:14:53.000560,148.19
1753730093.1007893,2025-07-28T20:14:53.100797,148.19
1753730093.2007678,2025-07-28T20:14:53.200776,148.33
1753730093.3011255,2025-07-28T20:14:53.301133,148.33
1753730093.4013658,2025-07-28T20:14:53.401373,148.33
1753730093.5016015,2025-07-28T20:14:53.501609,148.19
1753730093.601876,2025-07-28T20:14:53.601884,148.19
1753730093.7021332,2025-07-28T20:14:53.702140,147.92
1753730093.8024204,2025-07-28T20:14:53.802427,147.92
1753730093.9025676,2025-07-28T20:14:53.902575,147.92
1753730094.0028405,2025-07-28T20:14:54.002849,148.21
1753730094.1030314,2025-07-28T20:14:54.103039,148.21
1753730094.2032804,2025-07-28T20:14:54.203288,148.21
1753730094.3034744,2025-07-28T20:14:54.303481,148.17
1753730094.4038484,2025-07-28T20:14:54.403856,148.17
1753730094.5040207,2025-07-28T20:14:54.504028,148.17
1753730094.6048331,2025-07-28T20:14:54.604841,148.44
1753730094.7048929,2025-07-28T20:14:54.704900,148.44
1753730094.805061,2025-07-28T20:14:54.805068,148.07
1753730094.90528,2025-07-28T20:14:54.905287,148.07
1753730095.0055642,2025-07-28T20:14:55.005572,148.07
1753730095.1056983,2025-07-28T20:14:55.105705,148.21
1753730095.2059793,2025-07-28T20:14:55.205986,148.21
1753730095.3062336,2025-07-28T20:14:55.306241,148.21
1753730095.4064746,2025-07-28T20:14:55.406482,148.31
1753730095.5066679,2025-07-28T20:14:55.506674,148.31
1753730095.6068769,2025-07-28T20:14:55.606884,148.31
1753730095.707218,2025-07-28T20:14:55.707224,148.15
1753730095.8073564,2025-07-28T20:14:55.807363,148.15
1753730095.9080546,2025-07-28T20:14:55.908062,148.44
1753730096.0084717,2025-07-28T20:14:56.008477,148.44
1753730096.1080863,2025-07-28T20:14:56.108094,148.44
1753730096.2083616,2025-07-28T20:14:56.208369,148.23
1753730096.3085678,2025-07-28T20:14:56.308575,148.23
1753730096.4090822,2025-07-28T20:14:56.409090,148.23
1753730096.5091276,2025-07-28T20:14:56.509135,148.2
1753730096.609665,2025-07-28T20:14:56.609672,148.2
1753730096.7096283,2025-07-28T20:14:56.709636,148.2
1753730096.810242,2025-07-28T20:14:56.810249,148.42
1753730096.9102356,2025-07-28T20:14:56.910243,148.42
1753730097.0112953,2025-07-28T20:14:57.011302,148.42
1753730097.1111214,2025-07-28T20:14:57.111129,148.16
1753730097.2114801,2025-07-28T20:14:57.211487,148.16
1753730097.3120177,2025-07-28T20:14:57.312026,148.12
1753730097.4122703,2025-07-28T20:14:57.412279,148.12
1753730097.5124698,2025-07-28T20:14:57.512478,148.12
1753730097.612712,2025-07-28T20:14:57.612720,148.19
1753730097.7131915,2025-07-28T20:14:57.713201,148.19
1753730097.813374,2025-07-28T20:14:57.813386,148.19
1753730097.9137006,2025-07-28T20:14:57.913711,148.34
1753730098.014007,2025-07-28T20:14:58.014017,148.34
1753730098.1147316,2025-07-28T20:14:58.114741,148.34
1753730098.214681,2025-07-28T20:14:58.214690,148.31
1753730098.315027,2025-07-28T20:14:58.315036,148.31
1753730098.4155288,2025-07-28T20:14:58.415537,148.31
1753730098.5154839,2025-07-28T20:14:58.515492,148.12
1753730098.615887,2025-07-28T20:14:58.615895,148.12
1753730098.7161367,2025-07-28T20:14:58.716146,148.24
1753730098.8168733,2025-07-28T20:14:58.816883,148.24
1753730098.9169967,2025-07-28T20:14:58.917009,148.24
1753730099.0174148,2025-07-28T20:14:59.017425,148.31
1753730099.117891,2025-07-28T20:14:59.117900,148.31
1753730099.2179506,2025-07-28T20:14:59.217960,148.31
1753730099.3185525,2025-07-28T20:14:59.318562,147.97
1753730099.4186575,2025-07-28T20:14:59.418665,147.97
1753730099.5187902,2025-07-28T20:14:59.518798,147.97
1753730099.6194434,2025-07-28T20:14:59.619450,148.15
1753730099.7199185,2025-07-28T20:14:59.719925,148.15
1753730099.8199933,2025-07-28T20:14:59.820000,148.24
1753730099.9204698,2025-07-28T20:14:59.920476,148.24
1753730100.0202663,2025-07-28T20:15:00.020273,148.24
1753730100.1209695,2025-07-28T20:15:00.120977,148.42
1753730100.2214363,2025-07-28T20:15:00.221443,148.42
1753730100.3216987,2025-07-28T20:15:00.321706,148.42
1753730100.4220068,2025-07-28T20:15:00.422013,148.15
1753730100.5222292,2025-07-28T20:15:00.522236,148.15
1753730100.622616,2025-07-28T20:15:00.622624,148.15
1753730100.722757,2025-07-28T20:15:00.722765,148.14
1753730100.8230624,2025-07-28T20:15:00.823070,148.14
1753730100.9233005,2025-07-28T20:15:00.923308,148.23
1753730101.023447,2025-07-28T20:15:01.023454,148.23
1753730101.1238544,2025-07-28T20:15:01.123861,148.23
1753730101.2242527,2025-07-28T20:15:01.224364,148.21
1753730101.324396,2025-07-28T20:15:01.324403,148.21
1753730101.4246523,2025-07-28T20:15:01.424659,148.21
1753730101.5249088,2025-07-28T20:15:01.524916,148.21
1753730101.6251166,2025-07-28T20:15:01.625124,148.21
1753730101.7254324,2025-07-28T20:15:01.725440,148.21
1753730101.825606,2025-07-28T20:15:01.825613,148.29
1753730101.925916,2025-07-28T20:15:01.925924,148.29
1753730102.0261204,2025-07-28T20:15:02.026128,148.24
1753730102.126304,2025-07-28T20:15:02.126312,148.24
1753730102.2265866,2025-07-28T20:15:02.226594,148.24
1753730102.3269415,2025-07-28T20:15:02.326949,148.0
1753730102.4271555,2025-07-28T20:15:02.427164,148.0
1753730102.5276046,2025-07-28T20:15:02.527612,148.0
1753730102.6277735,2025-07-28T20:15:02.627782,148.42
1753730102.727981,2025-07-28T20:15:02.727990,148.42
1753730102.8285332,2025-07-28T20:15:02.828541,148.42
1753730102.9283543,2025-07-28T20:15:02.928361,148.04
1753730103.0286202,2025-07-28T20:15:03.028627,148.04
1753730103.1294317,2025-07-28T20:15:03.129439,148.44
1753730103.229345,2025-07-28T20:15:03.229352,148.44
1753730103.3293834,2025-07-28T20:15:03.329392,148.44
1753730103.4297347,2025-07-28T20:15:03.429743,148.36
1753730103.5299256,2025-07-28T20:15:03.529933,148.36
1753730103.6302102,2025-07-28T20:15:03.630218,148.36
1753730103.7304049,2025-07-28T20:15:03.730412,148.13
1753730103.8305504,2025-07-28T20:15:03.830557,148.13
1753730103.9308,2025-07-28T20:15:03.930807,148.13
1753730104.0310607,2025-07-28T20:15:04.031068,148.23
1753730104.131545,2025-07-28T20:15:04.131553,148.23
1753730104.2318766,2025-07-28T20:15:04.231884,148.15
1753730104.3321261,2025-07-28T20:15:04.332133,148.15
1753730104.4326146,2025-07-28T20:15:04.432624,148.15
1753730104.5339215,2025-07-28T20:15:04.533932,148.21
1753730104.6333814,2025-07-28T20:15:04.633391,148.21
1753730104.7336228,2025-07-28T20:15:04.733632,148.21
1753730104.8339381,2025-07-28T20:15:04.833949,148.28
1753730104.9342344,2025-07-28T20:15:04.934244,148.28
1753730105.0345137,2025-07-28T20:15:05.034523,148.28
1753730105.1347136,2025-07-28T20:15:05.134723,148.3
1753730105.2351859,2025-07-28T20:15:05.235197,148.3
1753730105.3355682,2025-07-28T20:15:05.335578,148.3
1753730105.4357092,2025-07-28T20:15:05.435717,148.25
1753730105.5359714,2025-07-28T20:15:05.535980,148.25
1753730105.6363032,2025-07-28T20:15:05.636313,148.33
1753730105.7366471,2025-07-28T20:15:05.736657,148.33
1753730105.837011,2025-07-28T20:15:05.837021,148.33
1753730105.9372463,2025-07-28T20:15:05.937256,148.29
1753730106.0377176,2025-07-28T20:15:06.037728,148.29
1753730106.1381717,2025-07-28T20:15:06.138181,148.29
1753730106.2385182,2025-07-28T20:15:06.238527,148.28
1753730106.3387973,2025-07-28T20:15:06.338808,148.28
1753730106.43962,2025-07-28T20:15:06.439629,148.28
1753730106.5391037,2025-07-28T20:15:06.539111,148.23
1753730106.6393504,2025-07-28T20:15:06.639358,148.23
1753730106.7397668,2025-07-28T20:15:06.739775,148.23
1753730106.8398948,2025-07-28T20:15:06.839902,148.35
1753730106.9401917,2025-07-28T20:15:06.940199,148.35
1753730107.0403266,2025-07-28T20:15:07.040333,148.28
1753730107.1406078,2025-07-28T20:15:07.140615,148.28
1753730107.240853,2025-07-28T20:15:07.240860,148.28
1753730107.3410723,2025-07-28T20:15:07.341080,148.33
1753730107.4412923,2025-07-28T20:15:07.441299,148.33
1753730107.541583,2025-07-28T20:15:07.541590,148.33
1753730107.641811,2025-07-28T20:15:07.641819,148.52
1753730107.74203,2025-07-28T20:15:07.742036,148.52
1753730107.8424401,2025-07-28T20:15:07.842448,148.52
1753730107.9425626,2025-07-28T20:15:07.942569,148.18
1753730108.0428014,2025-07-28T20:15:08.042809,148.18
1753730108.142985,2025-07-28T20:15:08.142992,148.16
1753730108.2432427,2025-07-28T20:15:08.243249,148.16
1753730108.3440633,2025-07-28T20:15:08.344070,148.16
1753730108.44403,2025-07-28T20:15:08.444036,148.04
1753730108.5441656,2025-07-28T20:15:08.544173,148.04
1753730108.6447659,2025-07-28T20:15:08.644773,148.04
1753730108.744812,2025-07-28T20:15:08.744820,148.11
1753730108.8451545,2025-07-28T20:15:08.845162,148.11
1753730108.9455345,2025-07-28T20:15:08.945544,148.11
1753730109.0456357,2025-07-28T20:15:09.045643,148.28
1753730109.1459303,2025-07-28T20:15:09.145937,148.28
1753730109.2462378,2025-07-28T20:15:09.246244,148.28
1753730109.3464937,2025-07-28T20:15:09.346501,148.36
1753730109.4467437,2025-07-28T20:15:09.446752,148.36
1753730109.5472414,2025-07-28T20:15:09.547249,148.28
1753730109.6471927,2025-07-28T20:15:09.647199,148.28
1753730109.7474153,2025-07-28T20:15:09.747423,148.28
1753730109.8477104,2025-07-28T20:15:09.847718,148.41
1753730109.947974,2025-07-28T20:15:09.947980,148.41
1753730110.0484378,2025-07-28T20:15:10.048446,148.41
1753730110.148534,2025-07-28T20:15:10.148542,148.07
1753730110.24871,2025-07-28T20:15:10.248717,148.07
1753730110.3489072,2025-07-28T20:15:10.348914,148.17
1753730110.449287,2025-07-28T20:15:10.449294,148.17
1753730110.5495276,2025-07-28T20:15:10.549534,148.17
1753730110.6497474,2025-07-28T20:15:10.649754,148.14
1753730110.7503288,2025-07-28T20:15:10.750337,148.14
1753730110.8503447,2025-07-28T20:15:10.850352,148.14
1753730110.9505572,2025-07-28T20:15:10.950564,148.11
1753730111.050935,2025-07-28T20:15:11.050943,148.11
1753730111.1513076,2025-07-28T20:15:11.151316,148.11
1753730111.251415,2025-07-28T20:15:11.251422,148.06
1753730111.35169,2025-07-28T20:15:11.351698,148.06
1753730111.451869,2025-07-28T20:15:11.451875,148.21
1753730111.5525045,2025-07-28T20:15:11.552514,148.21
1753730111.6526897,2025-07-28T20:15:11.652699,148.21
1753730111.7529812,2025-07-28T20:15:11.752991,148.28
1753730111.8534253,2025-07-28T20:15:11.853435,148.28
1753730111.9535801,2025-07-28T20:15:11.953589,148.28
1753730112.0539255,2025-07-28T20:15:12.053934,148.09
1753730112.1542737,2025-07-28T20:15:12.154283,148.09
1753730112.25479,2025-07-28T20:15:12.254799,148.09
1753730112.3550596,2025-07-28T20:15:12.355069,148.13
1753730112.4555364,2025-07-28T20:15:12.455545,148.13
1753730112.555871,2025-07-28T20:15:12.555880,148.13
1753730112.656135,2025-07-28T20:15:12.656143,148.42
1753730112.7564151,2025-07-28T20:15:12.756424,148.42
1753730112.8567326,2025-07-28T20:15:12.856742,148.36
1753730112.9571214,2025-07-28T20:15:12.957130,148.36
1753730113.0575554,2025-07-28T20:15:13.057565,148.36
1753730113.1576948,2025-07-28T20:15:13.157703,148.34
1753730113.2579355,2025-07-28T20:15:13.257945,148.34
1753730113.3584597,2025-07-28T20:15:13.358470,148.34
1753730113.4585361,2025-07-28T20:15:13.458545,148.33
1753730113.5589256,2025-07-28T20:15:13.558935,148.33
1753730113.6588738,2025-07-28T20:15:13.658881,148.33
1753730113.7590735,2025-07-28T20:15:13.759080,148.28
1753730113.8593535,2025-07-28T20:15:13.859361,148.28
1753730113.9596572,2025-07-28T20:15:13.959664,148.28
1753730114.0598314,2025-07-28T20:15:14.059839,148.19
1753730114.16017,2025-07-28T20:15:14.160177,148.19
1753730114.2604754,2025-07-28T20:15:14.260484,148.24
1753730114.3607914,2025-07-28T20:15:14.360799,148.24
1753730114.4610803,2025-07-28T20:15:14.461089,148.24
1753730114.5612833,2025-07-28T20:15:14.561291,148.3
1753730114.6615636,2025-07-28T20:15:14.661571,148.3
1753730114.761985,2025-07-28T20:15:14.761993,148.3
1753730114.8622088,2025-07-28T20:15:14.862216,148.19
1753730114.9623916,2025-07-28T20:15:14.962399,148.19
1753730115.0627475,2025-07-28T20:15:15.062755,148.19
1753730115.162945,2025-07-28T20:15:15.162952,148.34
1753730115.2635002,2025-07-28T20:15:15.263506,148.34
1753730115.3634713,2025-07-28T20:15:15.363480,148.21
1753730115.463672,2025-07-28T20:15:15.463678,148.21
1753730115.5641065,2025-07-28T20:15:15.564114,148.21
1753730115.6643586,2025-07-28T20:15:15.664366,148.08
1753730115.7645943,2025-07-28T20:15:15.764602,148.08
1753730115.8647468,2025-07-28T20:15:15.864754,148.08
1753730115.9651718,2025-07-28T20:15:15.965181,148.32
1753730116.0656574,2025-07-28T20:15:16.065665,148.32
1753730116.1656418,2025-07-28T20:15:16.165649,148.32
1753730116.265842,2025-07-28T20:15:16.265850,148.37
1753730116.3659244,2025-07-28T20:15:16.365931,148.37
1753730116.466333,2025-07-28T20:15:16.466339,148.29
1753730116.5666556,2025-07-28T20:15:16.566663,148.29
1753730116.6670196,2025-07-28T20:15:16.667027,148.29
1753730116.7670512,2025-07-28T20:15:16.767058,148.36
1753730116.8672764,2025-07-28T20:15:16.867283,148.36
1753730116.9674792,2025-07-28T20:15:16.967486,148.36
1753730117.067765,2025-07-28T20:15:17.067772,148.29
1753730117.168043,2025-07-28T20:15:17.168051,148.29
1753730117.2682948,2025-07-28T20:15:17.268301,148.29
1753730117.368456,2025-07-28T20:15:17.368463,148.21
1753730117.4687908,2025-07-28T20:15:17.468798,148.21
1753730117.5690277,2025-07-28T20:15:17.569035,148.34
1753730117.6692514,2025-07-28T20:15:17.669258,148.34
1753730117.7695358,2025-07-28T20:15:17.769543,148.34
1753730117.8697522,2025-07-28T20:15:17.869759,148.16
1753730117.9700742,2025-07-28T20:15:17.970081,148.16
1753730118.070261,2025-07-28T20:15:18.070268,148.16
1753730118.170708,2025-07-28T20:15:18.170716,148.34
1753730118.2707937,2025-07-28T20:15:18.270801,148.34
1753730118.3708415,2025-07-28T20:15:18.370849,148.34
1753730118.4755573,2025-07-28T20:15:18.475565,147.97
1753730118.5718012,2025-07-28T20:15:18.571809,147.97
1753730118.6721547,2025-07-28T20:15:18.672163,148.29
1753730118.7730048,2025-07-28T20:15:18.773014,148.29
1753730118.8736095,2025-07-28T20:15:18.873618,148.29
1753730118.9737015,2025-07-28T20:15:18.973711,148.12
1753730119.073919,2025-07-28T20:15:19.073928,148.12
1753730119.1743608,2025-07-28T20:15:19.174371,148.12
1753730119.2746055,2025-07-28T20:15:19.274615,148.21
1753730119.3749218,2025-07-28T20:15:19.374931,148.21
1753730119.475327,2025-07-28T20:15:19.475336,148.21
1753730119.5755162,2025-07-28T20:15:19.575525,148.35
1753730119.6758838,2025-07-28T20:15:19.675892,148.35
1753730119.7761884,2025-07-28T20:15:19.776198,148.35
1753730119.8765097,2025-07-28T20:15:19.876519,148.06
1753730119.976848,2025-07-28T20:15:19.976858,148.06
1753730120.077037,2025-07-28T20:15:20.077046,148.06
1753730120.1774077,2025-07-28T20:15:20.177417,148.24
1753730120.277755,2025-07-28T20:15:20.277764,148.24
1753730120.3782334,2025-07-28T20:15:20.378241,148.24
1753730120.478507,2025-07-28T20:15:20.478516,148.21
1753730120.5789363,2025-07-28T20:15:20.578945,148.21
1753730120.6793942,2025-07-28T20:15:20.679403,148.12
1753730120.7795007,2025-07-28T20:15:20.779508,148.12
1753730120.8797235,2025-07-28T20:15:20.879730,148.12
1753730120.979851,2025-07-28T20:15:20.979859,148.42
1753730121.080336,2025-07-28T20:15:21.080344,148.42
1753730121.1805048,2025-07-28T20:15:21.180512,148.42
1753730121.280587,2025-07-28T20:15:21.280594,148.12
1753730121.3808997,2025-07-28T20:15:21.380907,148.12
1753730121.481301,2025-07-28T20:15:21.481309,148.12
1753730121.581394,2025-07-28T20:15:21.581402,148.06
1753730121.6815438,2025-07-28T20:15:21.681552,148.06
1753730121.7818503,2025-07-28T20:15:21.781858,148.2
1753730121.8824253,2025-07-28T20:15:21.882432,148.2
1753730121.9826765,2025-07-28T20:15:21.982684,148.2
1753730122.0831456,2025-07-28T20:15:22.083154,148.13
1753730122.1833408,2025-07-28T20:15:22.183349,148.13
1753730122.283504,2025-07-28T20:15:22.283512,148.13
1753730122.3841507,2025-07-28T20:15:22.384158,148.16
1753730122.483989,2025-07-28T20:15:22.483997,148.16
1753730122.5842314,2025-07-28T20:15:22.584239,148.16
1753730122.684466,2025-07-28T20:15:22.684473,148.18
1753730122.7846696,2025-07-28T20:15:22.784678,148.18
1753730122.8849142,2025-07-28T20:15:22.884921,148.13
1753730122.9854295,2025-07-28T20:15:22.985438,148.13
1753730123.085407,2025-07-28T20:15:23.085414,148.13
1753730123.185653,2025-07-28T20:15:23.185661,148.1
1753730123.2859943,2025-07-28T20:15:23.286002,148.1
1753730123.3862195,2025-07-28T20:15:23.386228,148.1
1753730123.4864786,2025-07-28T20:15:23.486486,148.04
1753730123.5866635,2025-07-28T20:15:23.586671,148.04
1753730123.6869273,2025-07-28T20:15:23.686935,148.04
1753730123.7870955,2025-07-28T20:15:23.787102,148.35
1753730123.8873913,2025-07-28T20:15:23.887398,148.35
1753730123.987512,2025-07-28T20:15:23.987519,148.27
1753730124.087818,2025-07-28T20:15:24.087825,148.27
1753730124.1882238,2025-07-28T20:15:24.188232,148.27
1753730124.2882228,2025-07-28T20:15:24.288231,148.31
1753730124.3886683,2025-07-28T20:15:24.388676,148.31
1753730124.488787,2025-07-28T20:15:24.488794,148.31
1753730124.5890806,2025-07-28T20:15:24.589087,148.13
1753730124.6892521,2025-07-28T20:15:24.689259,148.13
1753730124.7895107,2025-07-28T20:15:24.789518,148.13
1753730124.8897457,2025-07-28T20:15:24.889754,148.06
1753730124.99005,2025-07-28T20:15:24.990059,148.06
1753730125.0902603,2025-07-28T20:15:25.090268,148.26
1753730125.190467,2025-07-28T20:15:25.190473,148.26
1753730125.2906663,2025-07-28T20:15:25.290674,148.26
1753730125.3910651,2025-07-28T20:15:25.391074,148.11
1753730125.4913535,2025-07-28T20:15:25.491362,148.11
1753730125.5914938,2025-07-28T20:15:25.591501,148.11
1753730125.6916912,2025-07-28T20:15:25.691698,148.33
1753730125.7922409,2025-07-28T20:15:25.792250,148.33
1753730125.8925238,2025-07-28T20:15:25.892533,148.33
1753730125.9928038,2025-07-28T20:15:25.992813,148.29
1753730126.0930707,2025-07-28T20:15:26.093080,148.29
1753730126.1933167,2025-07-28T20:15:26.193326,148.26
1753730126.2936113,2025-07-28T20:15:26.293621,148.26
1753730126.3939168,2025-07-28T20:15:26.393927,148.26
1753730126.4945347,2025-07-28T20:15:26.494543,148.17
1753730126.5947707,2025-07-28T20:15:26.594780,148.17
1753730126.6950016,2025-07-28T20:15:26.695011,148.17
1753730126.7951448,2025-07-28T20:15:26.795152,148.44
1753730126.8953903,2025-07-28T20:15:26.895397,148.44
1753730126.995646,2025-07-28T20:15:26.995654,148.44
1753730127.0958319,2025-07-28T20:15:27.095838,148.16
1753730127.1960502,2025-07-28T20:15:27.196058,148.16
1753730127.29647,2025-07-28T20:15:27.296477,148.16
1753730127.3966405,2025-07-28T20:15:27.396647,148.12
1753730127.4968805,2025-07-28T20:15:27.496888,148.12
1753730127.597135,2025-07-28T20:15:27.597142,148.3
1753730127.697475,2025-07-28T20:15:27.697483,148.3
1753730127.797659,2025-07-28T20:15:27.797666,148.3
1753730127.897967,2025-07-28T20:15:27.897974,148.36
1753730127.9981823,2025-07-28T20:15:27.998190,148.36
1753730128.0982687,2025-07-28T20:15:28.098276,148.36
1753730128.1985223,2025-07-28T20:15:28.198530,148.11
1753730128.2988071,2025-07-28T20:15:28.298814,148.11
1753730128.398967,2025-07-28T20:15:28.398974,148.11
1753730128.4993162,2025-07-28T20:15:28.499324,148.23
1753730128.599519,2025-07-28T20:15:28.599526,148.23
1753730128.6997747,2025-07-28T20:15:28.699781,148.22
1753730128.8001502,2025-07-28T20:15:28.800159,148.22
1753730128.900347,2025-07-28T20:15:28.900354,148.22
1753730129.0005565,2025-07-28T20:15:29.000564,148.36
1753730129.1007586,2025-07-28T20:15:29.100766,148.36
1753730129.2012007,2025-07-28T20:15:29.201210,148.36
1753730129.3011966,2025-07-28T20:15:29.301203,148.04
1753730129.4014792,2025-07-28T20:15:29.401486,148.04
1753730129.5016818,2025-07-28T20:15:29.501690,148.04
1753730129.6019275,2025-07-28T20:15:29.601935,148.12
1753730129.702235,2025-07-28T20:15:29.702243,148.12
1753730129.8023915,2025-07-28T20:15:29.802398,148.08
1753730129.902793,2025-07-28T20:15:29.902800,148.08
1753730130.0028367,2025-07-28T20:15:30.002844,148.08
1753730130.1030705,2025-07-28T20:15:30.103078,148.32
1753730130.2032797,2025-07-28T20:15:30.203287,148.32
1753730130.3035834,2025-07-28T20:15:30.303592,148.32
1753730130.4039063,2025-07-28T20:15:30.403915,148.22
1753730130.5039964,2025-07-28T20:15:30.504004,148.22
1753730130.604239,2025-07-28T20:15:30.604247,148.22
1753730130.7045026,2025-07-28T20:15:30.704510,148.12
1753730130.804786,2025-07-28T20:15:30.804793,148.12
1753730130.905109,2025-07-28T20:15:30.905115,147.96
1753730131.0055559,2025-07-28T20:15:31.005565,147.96
1753730131.1056588,2025-07-28T20:15:31.105667,147.96
1753730131.2056313,2025-07-28T20:15:31.205639,148.08
1753730131.306165,2025-07-28T20:15:31.306171,148.08
1753730131.4063084,2025-07-28T20:15:31.406316,148.08
1753730131.5065534,2025-07-28T20:15:31.506560,148.28
1753730131.6067467,2025-07-28T20:15:31.606754,148.28
1753730131.706979,2025-07-28T20:15:31.706986,148.28
1753730131.8074179,2025-07-28T20:15:31.807427,148.15
1753730131.907886,2025-07-28T20:15:31.907895,148.15
1753730132.0080237,2025-07-28T20:15:32.008033,148.39
1753730132.1084168,2025-07-28T20:15:32.108426,148.39
1753730132.2086966,2025-07-28T20:15:32.208706,148.39
1753730132.3090198,2025-07-28T20:15:32.309028,148.18
1753730132.4092762,2025-07-28T20:15:32.409285,148.18
1753730132.5098445,2025-07-28T20:15:32.509855,148.18
1753730132.609823,2025-07-28T20:15:32.609833,148.13
1753730132.7100034,2025-07-28T20:15:32.710010,148.13
1753730132.8101795,2025-07-28T20:15:32.810188,148.13
1753730132.9103706,2025-07-28T20:15:32.910378,148.25
1753730133.0105689,2025-07-28T20:15:33.010576,148.25
1753730133.1108556,2025-07-28T20:15:33.110863,147.92
1753730133.2111747,2025-07-28T20:15:33.211183,147.92
1753730133.3114321,2025-07-28T20:15:33.311440,147.92
1753730133.411696,2025-07-28T20:15:33.411704,148.02
1753730133.5119138,2025-07-28T20:15:33.511921,148.02
1753730133.6121185,2025-07-28T20:15:33.612125,148.02
1753730133.7124703,2025-07-28T20:15:33.712479,148.16
1753730133.8127034,2025-07-28T20:15:33.812710,148.16
1753730133.9129517,2025-07-28T20:15:33.912960,148.16
1753730134.0132391,2025-07-28T20:15:34.013246,148.19
1753730134.1133287,2025-07-28T20:15:34.113336,148.19
1753730134.213562,2025-07-28T20:15:34.213569,147.99
1753730134.3138998,2025-07-28T20:15:34.313907,147.99
1753730134.4141796,2025-07-28T20:15:34.414187,147.99
1753730134.5143905,2025-07-28T20:15:34.514398,148.11
1753730134.6145868,2025-07-28T20:15:34.614594,148.11
1753730134.7147834,2025-07-28T20:15:34.714791,148.11
1753730134.815086,2025-07-28T20:15:34.815094,148.52
1753730134.915333,2025-07-28T20:15:34.915340,148.52
1753730135.0156112,2025-07-28T20:15:35.015618,148.52
1753730135.115965,2025-07-28T20:15:35.115973,148.11
1753730135.2159905,2025-07-28T20:15:35.215997,148.11
1753730135.3163414,2025-07-28T20:15:35.316348,148.45
1753730135.4165986,2025-07-28T20:15:35.416606,148.45
1753730135.5168257,2025-07-28T20:15:35.516833,148.45
1753730135.6170816,2025-07-28T20:15:35.617089,147.97
1753730135.7174373,2025-07-28T20:15:35.717445,147.97
1753730135.8176944,2025-07-28T20:15:35.817702,147.97
1753730135.9178154,2025-07-28T20:15:35.917824,148.14
1753730136.017989,2025-07-28T20:15:36.017996,148.14
1753730136.1182663,2025-07-28T20:15:36.118274,148.14
1753730136.218637,2025-07-28T20:15:36.218644,148.13
1753730136.3190637,2025-07-28T20:15:36.319071,148.13
1753730136.4190888,2025-07-28T20:15:36.419096,148.14
1753730136.5193193,2025-07-28T20:15:36.519326,148.14
1753730136.6195142,2025-07-28T20:15:36.619521,148.14
1753730136.719786,2025-07-28T20:15:36.719794,148.26
1753730136.8200514,2025-07-28T20:15:36.820059,148.26
1753730136.920537,2025-07-28T20:15:36.920545,148.26
1753730137.0205235,2025-07-28T20:15:37.020531,147.89
1753730137.1207645,2025-07-28T20:15:37.120772,147.89
1753730137.2210233,2025-07-28T20:15:37.221031,147.89
1753730137.3212683,2025-07-28T20:15:37.321275,148.04
1753730137.4215539,2025-07-28T20:15:37.421562,148.04
1753730137.5222776,2025-07-28T20:15:37.522285,148.22
1753730137.6221685,2025-07-28T20:15:37.622176,148.22
1753730137.7229822,2025-07-28T20:15:37.722991,148.22
1753730137.8232594,2025-07-28T20:15:37.823268,148.0
1753730137.9234147,2025-07-28T20:15:37.923424,148.0
1753730138.0238209,2025-07-28T20:15:38.023830,148.0
1753730138.124346,2025-07-28T20:15:38.124355,148.22
1753730138.2243807,2025-07-28T20:15:38.224390,148.22
1753730138.325359,2025-07-28T20:15:38.325368,148.22
1753730138.425117,2025-07-28T20:15:38.425125,148.24
1753730138.5254965,2025-07-28T20:15:38.525505,148.24
1753730138.6256928,2025-07-28T20:15:38.625700,147.92
1753730138.7262528,2025-07-28T20:15:38.726262,147.92
1753730138.826777,2025-07-28T20:15:38.826786,147.92
1753730138.9266908,2025-07-28T20:15:38.926698,148.4
1753730139.0273707,2025-07-28T20:15:39.027380,148.4
1753730139.1275268,2025-07-28T20:15:39.127535,148.4
1753730139.22806,2025-07-28T20:15:39.228067,148.26
1753730139.3284152,2025-07-28T20:15:39.328421,148.26
1753730139.428577,2025-07-28T20:15:39.428585,148.26
1753730139.5288765,2025-07-28T20:15:39.528884,148.2
1753730139.629277,2025-07-28T20:15:39.629286,148.2
1753730139.7295394,2025-07-28T20:15:39.729548,148.2
1753730139.8300378,2025-07-28T20:15:39.830046,148.27
1753730139.929919,2025-07-28T20:15:39.929927,148.27
1753730140.030067,2025-07-28T20:15:40.030074,148.27
1753730140.130337,2025-07-28T20:15:40.130344,148.35
1753730140.2306647,2025-07-28T20:15:40.230672,148.35
1753730140.3308887,2025-07-28T20:15:40.330896,148.31
1753730140.43113,2025-07-28T20:15:40.431137,148.31
1753730140.5315144,2025-07-28T20:15:40.531522,148.31
1753730140.631723,2025-07-28T20:15:40.631730,148.03
1753730140.7318356,2025-07-28T20:15:40.731842,148.03
1753730140.832373,2025-07-28T20:15:40.832380,148.03
1753730140.9324434,2025-07-28T20:15:40.932452,148.14
1753730141.032725,2025-07-28T20:15:41.032732,148.14
1753730141.133061,2025-07-28T20:15:41.133069,148.14
1753730141.2331057,2025-07-28T20:15:41.233113,148.16
1753730141.3333857,2025-07-28T20:15:41.333393,148.16
1753730141.4336452,2025-07-28T20:15:41.433653,148.28
1753730141.5339322,2025-07-28T20:15:41.533940,148.28
1753730141.6341677,2025-07-28T20:15:41.634175,148.28
1753730141.7344651,2025-07-28T20:15:41.734472,148.22
1753730141.8345702,2025-07-28T20:15:41.834578,148.22
1753730141.9349632,2025-07-28T20:15:41.934970,148.22
1753730142.0354304,2025-07-28T20:15:42.035438,148.29
1753730142.1354115,2025-07-28T20:15:42.135418,148.29
1753730142.235638,2025-07-28T20:15:42.235646,148.23
1753730142.33588,2025-07-28T20:15:42.335888,148.23
1753730142.4362311,2025-07-28T20:15:42.436239,148.23
1753730142.5364327,2025-07-28T20:15:42.536440,148.21
1753730142.6367917,2025-07-28T20:15:42.636799,148.21
1753730142.7368138,2025-07-28T20:15:42.736822,148.21
1753730142.8370402,2025-07-28T20:15:42.837047,148.17
1753730142.937276,2025-07-28T20:15:42.937283,148.17
1753730143.0376973,2025-07-28T20:15:43.037706,148.17
1753730143.1378615,2025-07-28T20:15:43.137870,147.97
1753730143.2380846,2025-07-28T20:15:43.238091,147.97
1753730143.3383172,2025-07-28T20:15:43.338324,148.33
1753730143.438561,2025-07-28T20:15:43.438568,148.33
1753730143.5391076,2025-07-28T20:15:43.539115,148.33
1753730143.639107,2025-07-28T20:15:43.639114,148.26
1753730143.7393148,2025-07-28T20:15:43.739322,148.26
1753730143.839502,2025-07-28T20:15:43.839509,148.26
1753730143.9397345,2025-07-28T20:15:43.939742,148.3
1753730144.040005,2025-07-28T20:15:44.040012,148.3
1753730144.140332,2025-07-28T20:15:44.140339,148.3
1753730144.2406514,2025-07-28T20:15:44.240659,148.37
1753730144.3408365,2025-07-28T20:15:44.340844,148.37
1753730144.4410126,2025-07-28T20:15:44.441020,148.33
1753730144.541262,2025-07-28T20:15:44.541269,148.33
1753730144.6416278,2025-07-28T20:15:44.641635,148.33
1753730144.742477,2025-07-28T20:15:44.742486,148.12
1753730144.842444,2025-07-28T20:15:44.842454,148.12
1753730144.9427679,2025-07-28T20:15:44.942777,148.12
1753730145.0429425,2025-07-28T20:15:45.042953,148.22
1753730145.143305,2025-07-28T20:15:45.143314,148.22
1753730145.2436197,2025-07-28T20:15:45.243629,148.22
1753730145.3442686,2025-07-28T20:15:45.344279,148.19
1753730145.4444563,2025-07-28T20:15:45.444469,148.19
1753730145.5448442,2025-07-28T20:15:45.544854,148.19
1753730145.6450272,2025-07-28T20:15:45.645036,148.26
1753730145.7454062,2025-07-28T20:15:45.745415,148.26
1753730145.8457558,2025-07-28T20:15:45.845826,148.18
1753730145.9463184,2025-07-28T20:15:45.946328,148.18
1753730146.0465307,2025-07-28T20:15:46.046540,148.18
1753730146.146801,2025-07-28T20:15:46.146810,148.35
1753730146.24713,2025-07-28T20:15:46.247139,148.35
1753730146.347332,2025-07-28T20:15:46.347341,148.35
1753730146.4477696,2025-07-28T20:15:46.447779,148.28
1753730146.5480301,2025-07-28T20:15:46.548039,148.28
1753730146.6482832,2025-07-28T20:15:46.648292,148.28
1753730146.748671,2025-07-28T20:15:46.748680,147.97
1753730146.8488855,2025-07-28T20:15:46.848895,147.97
1753730146.9489832,2025-07-28T20:15:46.948991,148.22
1753730147.049163,2025-07-28T20:15:47.049171,148.22
1753730147.1494658,2025-07-28T20:15:47.149473,148.22
1753730147.2495685,2025-07-28T20:15:47.249576,148.15
1753730147.3499095,2025-07-28T20:15:47.349916,148.15
1753730147.45013,2025-07-28T20:15:47.450137,148.15
1753730147.5504286,2025-07-28T20:15:47.550436,148.02
1753730147.6506042,2025-07-28T20:15:47.650612,148.02
1753730147.7508612,2025-07-28T20:15:47.750868,148.02
1753730147.851043,2025-07-28T20:15:47.851050,148.35
1753730147.9513028,2025-07-28T20:15:47.951309,148.35
1753730148.0514085,2025-07-28T20:15:48.051415,148.07
1753730148.1516862,2025-07-28T20:15:48.151692,148.07
1753730148.25203,2025-07-28T20:15:48.252037,148.07
1753730148.3525565,2025-07-28T20:15:48.352564,148.39
1753730148.4534786,2025-07-28T20:15:48.453486,148.39
1753730148.5527618,2025-07-28T20:15:48.552769,148.39
1753730148.6533043,2025-07-28T20:15:48.653311,148.36
1753730148.753266,2025-07-28T20:15:48.753272,148.36
1753730148.8535564,2025-07-28T20:15:48.853564,148.36
1753730148.9538436,2025-07-28T20:15:48.953851,148.12
1753730149.0541801,2025-07-28T20:15:49.054188,148.12
1753730149.1543493,2025-07-28T20:15:49.154357,148.31
1753730149.2545798,2025-07-28T20:15:49.254587,148.31
1753730149.354919,2025-07-28T20:15:49.354927,148.31
1753730149.4555962,2025-07-28T20:15:49.455607,148.3
1753730149.5557327,2025-07-28T20:15:49.555740,148.3
1753730149.6559644,2025-07-28T20:15:49.655972,148.3
1753730149.7564032,2025-07-28T20:15:49.756411,148.1
1753730149.8565516,2025-07-28T20:15:49.856559,148.1
1753730149.9568658,2025-07-28T20:15:49.956873,148.1
1753730150.0571415,2025-07-28T20:15:50.057149,148.34
1753730150.1572988,2025-07-28T20:15:50.157306,148.34
1753730150.2576213,2025-07-28T20:15:50.257629,148.14
1753730150.3577626,2025-07-28T20:15:50.357817,148.14
1753730150.458365,2025-07-28T20:15:50.458373,148.14
1753730150.5584607,2025-07-28T20:15:50.558468,148.18
1753730150.658631,2025-07-28T20:15:50.658638,148.18
1753730150.7588735,2025-07-28T20:15:50.758881,148.18
1753730150.8592274,2025-07-28T20:15:50.859235,148.29
1753730150.9594321,2025-07-28T20:15:50.959439,148.29
1753730151.0596602,2025-07-28T20:15:51.059669,148.29
1753730151.159904,2025-07-28T20:15:51.159911,148.34
1753730151.2601438,2025-07-28T20:15:51.260151,148.34
1753730151.3604503,2025-07-28T20:15:51.360458,148.34
1753730151.4608102,2025-07-28T20:15:51.460818,148.25
1753730151.5609536,2025-07-28T20:15:51.560961,148.25
1753730151.6611092,2025-07-28T20:15:51.661116,148.17
1753730151.7613604,2025-07-28T20:15:51.761367,148.17
1753730151.8619008,2025-07-28T20:15:51.861911,148.17
1753730151.9622383,2025-07-28T20:15:51.962247,148.29
1753730152.062502,2025-07-28T20:15:52.062510,148.29
1753730152.162805,2025-07-28T20:15:52.162814,148.29
1753730152.2630205,2025-07-28T20:15:52.263030,148.18
1753730152.3633962,2025-07-28T20:15:52.363405,148.18
1753730152.4638295,2025-07-28T20:15:52.463839,148.18
1753730152.5639825,2025-07-28T20:15:52.563991,148.25
1753730152.6645205,2025-07-28T20:15:52.664530,148.25
1753730152.764683,2025-07-28T20:15:52.764692,148.25
1753730152.8650913,2025-07-28T20:15:52.865100,148.32
1753730152.9652243,2025-07-28T20:15:52.965235,148.32
1753730153.066113,2025-07-28T20:15:53.066125,148.04
1753730153.1660347,2025-07-28T20:15:53.166044,148.04
1753730153.2661731,2025-07-28T20:15:53.266182,148.04
1753730153.3665667,2025-07-28T20:15:53.366576,148.36
1753730153.4667623,2025-07-28T20:15:53.466772,148.36
1753730153.5670474,2025-07-28T20:15:53.567057,148.36
1753730153.6674466,2025-07-28T20:15:53.667456,148.07
1753730153.7676065,2025-07-28T20:15:53.767616,148.07
1753730153.8676002,2025-07-28T20:15:53.867607,148.07
1753730153.967854,2025-07-28T20:15:53.967861,148.07
1753730154.068181,2025-07-28T20:15:54.068188,148.07
1753730154.1685166,2025-07-28T20:15:54.168526,148.07
1753730154.268663,2025-07-28T20:15:54.268670,148.41
1753730154.368884,2025-07-28T20:15:54.368893,148.41
1753730154.469158,2025-07-28T20:15:54.469165,148.31
1753730154.5694008,2025-07-28T20:15:54.569408,148.31
1753730154.669617,2025-07-28T20:15:54.669624,148.31
1753730154.769921,2025-07-28T20:15:54.769928,148.26
1753730154.8700945,2025-07-28T20:15:54.870102,148.26
1753730154.9703374,2025-07-28T20:15:54.970344,148.26
1753730155.0705497,2025-07-28T20:15:55.070557,148.11
1753730155.170834,2025-07-28T20:15:55.170842,148.11
1753730155.2711313,2025-07-28T20:15:55.271141,148.11
1753730155.3714013,2025-07-28T20:15:55.371408,148.28
1753730155.4717824,2025-07-28T20:15:55.471789,148.28
1753730155.5718555,2025-07-28T20:15:55.571862,148.29
1753730155.6720402,2025-07-28T20:15:55.672045,148.29
1753730155.7723281,2025-07-28T20:15:55.772335,148.29
1753730155.872527,2025-07-28T20:15:55.872534,148.19
1753730155.9727972,2025-07-28T20:15:55.972804,148.19
1753730156.073018,2025-07-28T20:15:56.073026,148.19
1753730156.173189,2025-07-28T20:15:56.173197,148.24
1753730156.274387,2025-07-28T20:15:56.274394,148.24
1753730156.373806,2025-07-28T20:15:56.373814,148.24
1753730156.474012,2025-07-28T20:15:56.474020,148.42
1753730156.574208,2025-07-28T20:15:56.574215,148.42
1753730156.6744745,2025-07-28T20:15:56.674482,148.36
1753730156.7749338,2025-07-28T20:15:56.774942,148.36
1753730156.8751087,2025-07-28T20:15:56.875116,148.36
1753730156.9752133,2025-07-28T20:15:56.975221,148.3
1753730157.075555,2025-07-28T20:15:57.075563,148.3
1753730157.1756465,2025-07-28T20:15:57.175654,148.3
1753730157.2759032,2025-07-28T20:15:57.275911,147.95
1753730157.3759918,2025-07-28T20:15:57.375999,147.95
1753730157.4763715,2025-07-28T20:15:57.476379,147.95
1753730157.576601,2025-07-28T20:15:57.576608,148.26
1753730157.6768835,2025-07-28T20:15:57.676891,148.26
1753730157.7770765,2025-07-28T20:15:57.777084,148.36
1753730157.87729,2025-07-28T20:15:57.877297,148.36
1753730157.9774973,2025-07-28T20:15:57.977505,148.36
1753730158.0778406,2025-07-28T20:15:58.077848,148.26
1753730158.1780193,2025-07-28T20:15:58.178027,148.26
1753730158.2783751,2025-07-28T20:15:58.278383,148.26
1753730158.3785603,2025-07-28T20:15:58.378567,148.3
1753730158.478928,2025-07-28T20:15:58.478936,148.3
1753730158.579495,2025-07-28T20:15:58.579504,148.3
1753730158.67928,2025-07-28T20:15:58.679288,148.36
1753730158.7795436,2025-07-28T20:15:58.779551,148.36
1753730158.8802223,2025-07-28T20:15:58.880231,148.36
1753730158.9805288,2025-07-28T20:15:58.980538,148.36
1753730159.0809221,2025-07-28T20:15:59.080932,148.36
1753730159.1812558,2025-07-28T20:15:59.181267,148.15
1753730159.2816663,2025-07-28T20:15:59.281676,148.15
1753730159.381734,2025-07-28T20:15:59.381745,148.15
1753730159.4821377,2025-07-28T20:15:59.482146,148.21
1753730159.5824397,2025-07-28T20:15:59.582449,148.21
1753730159.6828923,2025-07-28T20:15:59.682902,148.21
1753730159.78305,2025-07-28T20:15:59.783059,148.38
1753730159.8835018,2025-07-28T20:15:59.883513,148.38
1753730159.983854,2025-07-28T20:15:59.983864,148.38
1753730160.083959,2025-07-28T20:16:00.083968,148.26
1753730160.18426,2025-07-28T20:16:00.184269,148.26
1753730160.2844913,2025-07-28T20:16:00.284500,148.09
1753730160.3847167,2025-07-28T20:16:00.384725,148.09
1753730160.4851139,2025-07-28T20:16:00.485125,148.09
1753730160.5853183,2025-07-28T20:16:00.585327,148.28
1753730160.685568,2025-07-28T20:16:00.685577,148.28
1753730160.7860074,2025-07-28T20:16:00.786018,148.28
1753730160.8862877,2025-07-28T20:16:00.886296,148.12
1753730160.9863396,2025-07-28T20:16:00.986348,148.12
1753730161.0867333,2025-07-28T20:16:01.086742,148.12
1753730161.1867683,2025-07-28T20:16:01.186775,148.41
1753730161.2869709,2025-07-28T20:16:01.286978,148.41
1753730161.38731,2025-07-28T20:16:01.387318,148.09
1753730161.4875066,2025-07-28T20:16:01.487514,148.09
1753730161.587926,2025-07-28T20:16:01.587934,148.09
1753730161.6880338,2025-07-28T20:16:01.688040,148.35
1753730161.788289,2025-07-28T20:16:01.788296,148.35
1753730161.8886359,2025-07-28T20:16:01.888644,148.35
1753730161.988833,2025-07-28T20:16:01.988841,148.19
1753730162.0890431,2025-07-28T20:16:02.089050,148.19
1753730162.1892147,2025-07-28T20:16:02.189222,148.19
1753730162.289257,2025-07-28T20:16:02.289264,148.39
1753730162.389717,2025-07-28T20:16:02.389724,148.39
1753730162.4902537,2025-07-28T20:16:02.490261,148.39
1753730162.5904007,2025-07-28T20:16:02.590408,148.15
1753730162.690555,2025-07-28T20:16:02.690563,148.15
1753730162.790696,2025-07-28T20:16:02.790703,148.51
1753730162.890943,2025-07-28T20:16:02.890950,148.51
1753730162.9914603,2025-07-28T20:16:02.991468,148.51
1753730163.0913436,2025-07-28T20:16:03.091350,148.22
1753730163.1915998,2025-07-28T20:16:03.191607,148.22
1753730163.2919548,2025-07-28T20:16:03.291962,148.22
1753730163.392076,2025-07-28T20:16:03.392083,148.44
1753730163.4924238,2025-07-28T20:16:03.492431,148.44
1753730163.5926445,2025-07-28T20:16:03.592651,148.29
1753730163.6928687,2025-07-28T20:16:03.692875,148.29
1753730163.7930756,2025-07-28T20:16:03.793082,148.29
1753730163.8936234,2025-07-28T20:16:03.893630,148.31
1753730163.9939113,2025-07-28T20:16:03.993919,148.31
1753730164.0941873,2025-07-28T20:16:04.094195,148.31
1753730164.1944003,2025-07-28T20:16:04.194408,148.31
1753730164.294614,2025-07-28T20:16:04.294621,148.31
1753730164.394887,2025-07-28T20:16:04.394894,148.31
1753730164.4950697,2025-07-28T20:16:04.495077,148.14
1753730164.5953891,2025-07-28T20:16:04.595396,148.14
1753730164.6955562,2025-07-28T20:16:04.695562,148.51
1753730164.7958424,2025-07-28T20:16:04.795849,148.51
1753730164.8960626,2025-07-28T20:16:04.896070,148.51
1753730164.9962373,2025-07-28T20:16:04.996245,148.07
1753730165.09658,2025-07-28T20:16:05.096587,148.07
1753730165.1971278,2025-07-28T20:16:05.197135,148.07
1753730165.2970352,2025-07-28T20:16:05.297044,148.05
1753730165.3973713,2025-07-28T20:16:05.397379,148.05
1753730165.4975433,2025-07-28T20:16:05.497551,148.05
1753730165.597824,2025-07-28T20:16:05.597831,148.17
1753730165.6981187,2025-07-28T20:16:05.698125,148.17
1753730165.7982855,2025-07-28T20:16:05.798293,148.49
1753730165.8986552,2025-07-28T20:16:05.898662,148.49
1753730165.999681,2025-07-28T20:16:05.999690,148.49
1753730166.100224,2025-07-28T20:16:06.100234,148.24
1753730166.2002702,2025-07-28T20:16:06.200279,148.24
1753730166.3007042,2025-07-28T20:16:06.300714,148.24
1753730166.4009337,2025-07-28T20:16:06.400942,148.08
1753730166.5013103,2025-07-28T20:16:06.501320,148.08
1753730166.601827,2025-07-28T20:16:06.601838,148.08
1753730166.7021527,2025-07-28T20:16:06.702161,148.52
1753730166.8025281,2025-07-28T20:16:06.802540,148.52
1753730166.9027355,2025-07-28T20:16:06.902745,148.52
1753730167.0030165,2025-07-28T20:16:07.003026,148.12
1753730167.1032646,2025-07-28T20:16:07.103273,148.12
1753730167.2036378,2025-07-28T20:16:07.203647,148.36
1753730167.3038867,2025-07-28T20:16:07.303897,148.36
1753730167.404248,2025-07-28T20:16:07.404258,148.36
1753730167.5045407,2025-07-28T20:16:07.504551,148.41
1753730167.604827,2025-07-28T20:16:07.604836,148.41
1753730167.7051764,2025-07-28T20:16:07.705185,148.41
1753730167.805489,2025-07-28T20:16:07.805498,148.33
1753730167.9059489,2025-07-28T20:16:07.905958,148.33
1753730168.0062308,2025-07-28T20:16:08.006239,148.33
1753730168.1061337,2025-07-28T20:16:08.106141,148.16
1753730168.2067833,2025-07-28T20:16:08.206791,148.16
1753730168.306754,2025-07-28T20:16:08.306762,148.16
1753730168.4070451,2025-07-28T20:16:08.407052,148.23
1753730168.507362,2025-07-28T20:16:08.507371,148.23
1753730168.6075392,2025-07-28T20:16:08.607546,148.26
1753730168.7077596,2025-07-28T20:16:08.707766,148.26
1753730168.8079734,2025-07-28T20:16:08.807981,148.26
1753730168.908275,2025-07-28T20:16:08.908282,148.24
1753730169.0084963,2025-07-28T20:16:09.008504,148.24
1753730169.108755,2025-07-28T20:16:09.108764,148.24
1753730169.2090006,2025-07-28T20:16:09.209009,148.44
1753730169.3091908,2025-07-28T20:16:09.309197,148.44
1753730169.4094548,2025-07-28T20:16:09.409463,148.44
1753730169.509727,2025-07-28T20:16:09.509734,148.19
1753730169.6104982,2025-07-28T20:16:09.610505,148.19
1753730169.710235,2025-07-28T20:16:09.710242,148.43
1753730169.8105822,2025-07-28T20:16:09.810590,148.43
1753730169.9107459,2025-07-28T20:16:09.910753,148.43
1753730170.010984,2025-07-28T20:16:10.010991,148.19
1753730170.1113145,2025-07-28T20:16:10.111321,148.19
1753730170.2115264,2025-07-28T20:16:10.211534,148.19
1753730170.3118207,2025-07-28T20:16:10.311828,148.18
1753730170.4124215,2025-07-28T20:16:10.412430,148.18
1753730170.5126255,2025-07-28T20:16:10.512634,148.18
1753730170.6128786,2025-07-28T20:16:10.612886,148.37
1753730170.7131941,2025-07-28T20:16:10.713202,148.37
1753730170.813352,2025-07-28T20:16:10.813358,148.37
1753730170.9136095,2025-07-28T20:16:10.913617,148.22
1753730171.0141408,2025-07-28T20:16:11.014149,148.22
1753730171.114191,2025-07-28T20:16:11.114199,148.24
1753730171.2143078,2025-07-28T20:16:11.214315,148.24
1753730171.3146312,2025-07-28T20:16:11.314639,148.24
1753730171.4150133,2025-07-28T20:16:11.415020,148.17
1753730171.5152626,2025-07-28T20:16:11.515269,148.17
1753730171.6153705,2025-07-28T20:16:11.615377,148.17
1753730171.7155788,2025-07-28T20:16:11.715586,147.97
1753730171.8158734,2025-07-28T20:16:11.815881,147.97
1753730171.9161022,2025-07-28T20:16:11.916108,148.3
1753730172.0164075,2025-07-28T20:16:12.016415,148.3
1753730172.116634,2025-07-28T20:16:12.116641,148.3
1753730172.2169256,2025-07-28T20:16:12.216933,148.26
1753730172.3171046,2025-07-28T20:16:12.317112,148.26
1753730172.4174879,2025-07-28T20:16:12.417494,148.26
1753730172.517614,2025-07-28T20:16:12.517621,148.19
1753730172.6180084,2025-07-28T20:16:12.618015,148.19
1753730172.7181878,2025-07-28T20:16:12.718195,148.19
1753730172.8185854,2025-07-28T20:16:12.818593,148.21
1753730172.9204998,2025-07-28T20:16:12.920510,148.21
1753730173.019018,2025-07-28T20:16:13.019026,148.21
1753730173.1194746,2025-07-28T20:16:13.119484,148.22
1753730173.219738,2025-07-28T20:16:13.219748,148.22
1753730173.3200443,2025-07-28T20:16:13.320053,148.44
1753730173.4202406,2025-07-28T20:16:13.420249,148.44
1753730173.5207396,2025-07-28T20:16:13.520750,148.44
1753730173.6208673,2025-07-28T20:16:13.620876,148.18
1753730173.7210786,2025-07-28T20:16:13.721087,148.18
1753730173.8214765,2025-07-28T20:16:13.821486,148.18
1753730173.9218526,2025-07-28T20:16:13.921862,148.2
1753730174.0221977,2025-07-28T20:16:14.022208,148.2
1753730174.1224096,2025-07-28T20:16:14.122419,148.2
1753730174.2227018,2025-07-28T20:16:14.222709,147.98
1753730174.323626,2025-07-28T20:16:14.323637,147.98
1753730174.423656,2025-07-28T20:16:14.423665,147.98
1753730174.5236216,2025-07-28T20:16:14.523631,148.33
1753730174.6239307,2025-07-28T20:16:14.623941,148.33
1753730174.724152,2025-07-28T20:16:14.724162,148.33
1753730174.8246343,2025-07-28T20:16:14.824644,148.16
1753730174.924963,2025-07-28T20:16:14.924972,148.16
1753730175.0251112,2025-07-28T20:16:15.025119,148.17
1753730175.1257536,2025-07-28T20:16:15.125764,148.17
1753730175.2292438,2025-07-28T20:16:15.229251,148.17
1753730175.3261323,2025-07-28T20:16:15.326140,148.07
1753730175.426241,2025-07-28T20:16:15.426248,148.07
1753730175.5263867,2025-07-28T20:16:15.526394,148.07
1753730175.6265268,2025-07-28T20:16:15.626534,148.1
1753730175.7267735,2025-07-28T20:16:15.726780,148.1
1753730175.8273165,2025-07-28T20:16:15.827323,148.1
1753730175.9272525,2025-07-28T20:16:15.927260,148.09
1753730176.0275042,2025-07-28T20:16:16.027511,148.09
1753730176.1277575,2025-07-28T20:16:16.127765,148.37
1753730176.2280743,2025-07-28T20:16:16.228083,148.37
1753730176.328233,2025-07-28T20:16:16.328240,148.37
1753730176.4284585,2025-07-28T20:16:16.428465,148.23
1753730176.528899,2025-07-28T20:16:16.528907,148.23
1753730176.6291347,2025-07-28T20:16:16.629141,148.23
1753730176.7293913,2025-07-28T20:16:16.729398,148.38
1753730176.8295765,2025-07-28T20:16:16.829583,148.38
1753730176.9298856,2025-07-28T20:16:16.929893,148.38
1753730177.0301886,2025-07-28T20:16:17.030197,148.08
1753730177.1304345,2025-07-28T20:16:17.130442,148.08
1753730177.2305555,2025-07-28T20:16:17.230563,148.06
1753730177.3308446,2025-07-28T20:16:17.330852,148.06
1753730177.4310505,2025-07-28T20:16:17.431058,148.06
1753730177.5315006,2025-07-28T20:16:17.531508,148.34
1753730177.6317039,2025-07-28T20:16:17.631712,148.34
1753730177.732092,2025-07-28T20:16:17.732100,148.34
1753730177.832119,2025-07-28T20:16:17.832126,148.15
1753730177.932373,2025-07-28T20:16:17.932380,148.15
1753730178.0325906,2025-07-28T20:16:18.032598,148.15
1753730178.132853,2025-07-28T20:16:18.132860,148.37
1753730178.2331824,2025-07-28T20:16:18.233189,148.37
1753730178.3332555,2025-07-28T20:16:18.333263,148.42
1753730178.433624,2025-07-28T20:16:18.433633,148.42
1753730178.5339632,2025-07-28T20:16:18.533972,148.42
1753730178.6342297,2025-07-28T20:16:18.634238,148.37
1753730178.7345905,2025-07-28T20:16:18.734598,148.37
1753730178.834634,2025-07-28T20:16:18.834642,148.37
1753730178.9349408,2025-07-28T20:16:18.934948,148.36
1753730179.0351512,2025-07-28T20:16:19.035159,148.36
1753730179.135377,2025-07-28T20:16:19.135384,148.36
1753730179.2355845,2025-07-28T20:16:19.235592,148.19
1753730179.3358316,2025-07-28T20:16:19.335839,148.19
1753730179.4360726,2025-07-28T20:16:19.436080,147.98
1753730179.5363429,2025-07-28T20:16:19.536351,147.98
1753730179.6366682,2025-07-28T20:16:19.636676,147.98
1753730179.73683,2025-07-28T20:16:19.736838,148.33
1753730179.837157,2025-07-28T20:16:19.837164,148.33
1753730179.9373093,2025-07-28T20:16:19.937317,148.33
1753730180.0375662,2025-07-28T20:16:20.037573,148.34
1753730180.1379097,2025-07-28T20:16:20.137916,148.34
1753730180.238357,2025-07-28T20:16:20.238366,148.34
1753730180.33855,2025-07-28T20:16:20.338559,148.29
1753730180.4388819,2025-07-28T20:16:20.438892,148.29
1753730180.5399103,2025-07-28T20:16:20.539921,148.09
1753730180.6402125,2025-07-28T20:16:20.640222,148.09
1753730180.7405999,2025-07-28T20:16:20.740609,148.09
1753730180.8407845,2025-07-28T20:16:20.840794,148.3
1753730180.9411657,2025-07-28T20:16:20.941175,148.3
1753730181.0413966,2025-07-28T20:16:21.041405,148.3
1753730181.1418922,2025-07-28T20:16:21.141902,148.33
1753730181.2420342,2025-07-28T20:16:21.242043,148.33
1753730181.3425553,2025-07-28T20:16:21.342564,148.33
1753730181.4425216,2025-07-28T20:16:21.442531,148.09
1753730181.5428786,2025-07-28T20:16:21.542887,148.09
1753730181.6431813,2025-07-28T20:16:21.643189,148.09
1753730181.7434235,2025-07-28T20:16:21.743432,148.31
1753730181.8438046,2025-07-28T20:16:21.843814,148.31
1753730181.9441044,2025-07-28T20:16:21.944113,148.14
1753730182.0443528,2025-07-28T20:16:22.044362,148.14
1753730182.1446362,2025-07-28T20:16:22.144647,148.14
1753730182.2449274,2025-07-28T20:16:22.244937,148.29
1753730182.344964,2025-07-28T20:16:22.344972,148.29
1753730182.4458237,2025-07-28T20:16:22.445832,148.29
1753730182.5460212,2025-07-28T20:16:22.546029,148.22
1753730182.6459463,2025-07-28T20:16:22.645955,148.22
1753730182.7462072,2025-07-28T20:16:22.746215,148.22
1753730182.846523,2025-07-28T20:16:22.846530,148.2
1753730182.9467294,2025-07-28T20:16:22.946737,148.2
1753730183.0469835,2025-07-28T20:16:23.046991,148.18
1753730183.1473196,2025-07-28T20:16:23.147327,148.18
1753730183.247606,2025-07-28T20:16:23.247614,148.18
1753730183.34779,2025-07-28T20:16:23.347797,148.38
1753730183.4480345,2025-07-28T20:16:23.448042,148.38
1753730183.5483046,2025-07-28T20:16:23.548312,148.38
1753730183.648487,2025-07-28T20:16:23.648495,148.22
1753730183.748744,2025-07-28T20:16:23.748750,148.22
1753730183.8490233,2025-07-28T20:16:23.849031,148.22
1753730183.9493783,2025-07-28T20:16:23.949387,148.02
1753730184.0495152,2025-07-28T20:16:24.049523,148.02
1753730184.1496599,2025-07-28T20:16:24.149666,148.2
1753730184.2499478,2025-07-28T20:16:24.249955,148.2
1753730184.3501906,2025-07-28T20:16:24.350198,148.2
1753730184.4504685,2025-07-28T20:16:24.450477,148.34
1753730184.5506828,2025-07-28T20:16:24.550691,148.34
1753730184.6510024,2025-07-28T20:16:24.651011,148.34
1753730184.7511237,2025-07-28T20:16:24.751130,148.31
1753730184.8514397,2025-07-28T20:16:24.851447,148.31
1753730184.9516459,2025-07-28T20:16:24.951655,148.31
1753730185.0519254,2025-07-28T20:16:25.051935,148.17
1753730185.1521957,2025-07-28T20:16:25.152203,148.17
1753730185.2524462,2025-07-28T20:16:25.252453,148.49
1753730185.3529167,2025-07-28T20:16:25.352924,148.49
1753730185.4529214,2025-07-28T20:16:25.452928,148.49
1753730185.5531805,2025-07-28T20:16:25.553188,148.28
1753730185.6534364,2025-07-28T20:16:25.653444,148.28
1753730185.7536826,2025-07-28T20:16:25.753690,148.28
1753730185.8541415,2025-07-28T20:16:25.854148,148.28
1753730185.9542134,2025-07-28T20:16:25.954221,148.28
1753730186.0547395,2025-07-28T20:16:26.054747,148.28
1753730186.1550426,2025-07-28T20:16:26.155051,148.11
1753730186.2551942,2025-07-28T20:16:26.255202,148.11
1753730186.35538,2025-07-28T20:16:26.355387,148.47
1753730186.4556065,2025-07-28T20:16:26.455614,148.47
1753730186.5558271,2025-07-28T20:16:26.555835,148.47
1753730186.6561549,2025-07-28T20:16:26.656160,148.52
1753730186.7564542,2025-07-28T20:16:26.756463,148.52
1753730186.8566198,2025-07-28T20:16:26.856628,148.52
1753730186.9568894,2025-07-28T20:16:26.956897,148.34
1753730187.0573044,2025-07-28T20:16:27.057311,148.34
1753730187.1573153,2025-07-28T20:16:27.157323,148.34
1753730187.2582254,2025-07-28T20:16:27.258233,148.38
1753730187.3584313,2025-07-28T20:16:27.358440,148.38
1753730187.4586632,2025-07-28T20:16:27.458672,148.35
1753730187.5591428,2025-07-28T20:16:27.559153,148.35
1753730187.659472,2025-07-28T20:16:27.659481,148.35
1753730187.7597685,2025-07-28T20:16:27.759778,148.25
1753730187.8600898,2025-07-28T20:16:27.860099,148.25
1753730187.9603975,2025-07-28T20:16:27.960406,148.25
1753730188.0606081,2025-07-28T20:16:28.060617,148.32
1753730188.1609719,2025-07-28T20:16:28.160982,148.32
1753730188.2616847,2025-07-28T20:16:28.261694,148.32
1753730188.36169,2025-07-28T20:16:28.361701,148.2
1753730188.4620569,2025-07-28T20:16:28.462066,148.2
1753730188.5626574,2025-07-28T20:16:28.562666,148.2
1753730188.6627884,2025-07-28T20:16:28.662797,148.11
1753730188.763157,2025-07-28T20:16:28.763166,148.11
1753730188.8632631,2025-07-28T20:16:28.863272,148.11
1753730188.9636886,2025-07-28T20:16:28.963698,148.37
1753730189.0638878,2025-07-28T20:16:29.063896,148.37
1753730189.164136,2025-07-28T20:16:29.164144,148.31
1753730189.2644215,2025-07-28T20:16:29.264431,148.31
1753730189.3647366,2025-07-28T20:16:29.364746,148.31
1753730189.4649715,2025-07-28T20:16:29.464982,148.29
1753730189.565227,2025-07-28T20:16:29.565235,148.29
1753730189.6655097,2025-07-28T20:16:29.665517,148.29
1753730189.7656476,2025-07-28T20:16:29.765655,148.25
1753730189.8659344,2025-07-28T20:16:29.865941,148.25
1753730189.966282,2025-07-28T20:16:29.966288,148.25
1753730190.0663216,2025-07-28T20:16:30.066329,148.34
1753730190.1665502,2025-07-28T20:16:30.166557,148.34
1753730190.2669058,2025-07-28T20:16:30.266913,148.23
1753730190.3671198,2025-07-28T20:16:30.367127,148.23
1753730190.467337,2025-07-28T20:16:30.467345,148.23
1753730190.567652,2025-07-28T20:16:30.567659,148.41
1753730190.667934,2025-07-28T20:16:30.667941,148.41
1753730190.7680252,2025-07-28T20:16:30.768033,148.41
1753730190.8683312,2025-07-28T20:16:30.868339,148.18
1753730190.9685273,2025-07-28T20:16:30.968535,148.18
1753730191.0687628,2025-07-28T20:16:31.068770,148.18
1753730191.168953,2025-07-28T20:16:31.168960,148.16
1753730191.2692802,2025-07-28T20:16:31.269288,148.16
1753730191.3694828,2025-07-28T20:16:31.369490,148.16
1753730191.469718,2025-07-28T20:16:31.469726,148.34
1753730191.570288,2025-07-28T20:16:31.570295,148.34
1753730191.670513,2025-07-28T20:16:31.670521,148.15
1753730191.7705367,2025-07-28T20:16:31.770544,148.15
1753730191.8707473,2025-07-28T20:16:31.870755,148.15
1753730191.970906,2025-07-28T20:16:31.970913,148.52
1753730192.071234,2025-07-28T20:16:32.071241,148.52
1753730192.171479,2025-07-28T20:16:32.171486,148.52
1753730192.2717254,2025-07-28T20:16:32.271732,148.18
1753730192.3719258,2025-07-28T20:16:32.371934,148.18
1753730192.4721727,2025-07-28T20:16:32.472180,148.18
1753730192.5724409,2025-07-28T20:16:32.572448,148.22
1753730192.6726305,2025-07-28T20:16:32.672636,148.22
1753730192.7729383,2025-07-28T20:16:32.772947,148.02
1753730192.8731723,2025-07-28T20:16:32.873180,148.02
1753730192.9734275,2025-07-28T20:16:32.973435,148.02
1753730193.07366,2025-07-28T20:16:33.073667,148.09
1753730193.173947,2025-07-28T20:16:33.173954,148.09
1753730193.2743695,2025-07-28T20:16:33.274377,148.09
1753730193.3743556,2025-07-28T20:16:33.374362,148.1
1753730193.4745767,2025-07-28T20:16:33.474584,148.1
1753730193.5750642,2025-07-28T20:16:33.575071,148.1
1753730193.6751847,2025-07-28T20:16:33.675192,147.94
1753730193.7753174,2025-07-28T20:16:33.775324,147.94
1753730193.8755682,2025-07-28T20:16:33.875575,148.28
1753730193.9757755,2025-07-28T20:16:33.975782,148.28
1753730194.0760515,2025-07-28T20:16:34.076059,148.28
1753730194.1866257,2025-07-28T20:16:34.186633,148.05
1753730194.2766175,2025-07-28T20:16:34.276625,148.05
1753730194.3769674,2025-07-28T20:16:34.376975,148.05
1753730194.4774036,2025-07-28T20:16:34.477412,148.18
1753730194.5775747,2025-07-28T20:16:34.577583,148.18
1753730194.6779792,2025-07-28T20:16:34.677988,148.18
1753730194.7785673,2025-07-28T20:16:34.778577,148.12
1753730194.878809,2025-07-28T20:16:34.878819,148.12
1753730194.979079,2025-07-28T20:16:34.979089,148.13
1753730195.0793345,2025-07-28T20:16:35.079343,148.13
1753730195.1796856,2025-07-28T20:16:35.179695,148.13
1753730195.279958,2025-07-28T20:16:35.279969,148.15
1753730195.3802054,2025-07-28T20:16:35.380215,148.15
1753730195.4805205,2025-07-28T20:16:35.480529,148.15
1753730195.580726,2025-07-28T20:16:35.580736,147.95
1753730195.6810548,2025-07-28T20:16:35.681063,147.95
1753730195.7813258,2025-07-28T20:16:35.781335,147.95
1753730195.8816333,2025-07-28T20:16:35.881642,148.12
1753730195.9820192,2025-07-28T20:16:35.982028,148.12
1753730196.082626,2025-07-28T20:16:36.082636,148.12
1753730196.1826892,2025-07-28T20:16:36.182698,148.15
1753730196.282629,2025-07-28T20:16:36.282638,148.15
1753730196.3831515,2025-07-28T20:16:36.383160,148.2
1753730196.483555,2025-07-28T20:16:36.483564,148.2
1753730196.5836535,2025-07-28T20:16:36.583661,148.2
1753730196.6836886,2025-07-28T20:16:36.683696,148.29
1753730196.783946,2025-07-28T20:16:36.783953,148.29
1753730196.884286,2025-07-28T20:16:36.884293,148.29
1753730196.9844427,2025-07-28T20:16:36.984450,148.15
1753730197.0846379,2025-07-28T20:16:37.084645,148.15
1753730197.1849942,2025-07-28T20:16:37.185002,148.15
1753730197.28522,2025-07-28T20:16:37.285228,148.03
1753730197.3854368,2025-07-28T20:16:37.385444,148.03
1753730197.4858692,2025-07-28T20:16:37.485877,148.03
1753730197.5859756,2025-07-28T20:16:37.585983,148.39
1753730197.6862254,2025-07-28T20:16:37.686232,148.39
1753730197.7864316,2025-07-28T20:16:37.786439,148.17
1753730197.886538,2025-07-28T20:16:37.886545,148.17
1753730197.9867783,2025-07-28T20:16:37.986785,148.17
1753730198.0870867,2025-07-28T20:16:38.087092,147.99
1753730198.1873193,2025-07-28T20:16:38.187327,147.99
1753730198.2877176,2025-07-28T20:16:38.287726,147.99
1753730198.387746,2025-07-28T20:16:38.387753,148.14
1753730198.4880335,2025-07-28T20:16:38.488041,148.14
1753730198.5882986,2025-07-28T20:16:38.588306,148.14
1753730198.6884713,2025-07-28T20:16:38.688479,148.3
1753730198.788705,2025-07-28T20:16:38.788712,148.3
1753730198.8890004,2025-07-28T20:16:38.889008,148.14
1753730198.9892046,2025-07-28T20:16:38.989212,148.14
1753730199.0894868,2025-07-28T20:16:39.089494,148.14
1753730199.189647,2025-07-28T20:16:39.189655,148.26
1753730199.2899337,2025-07-28T20:16:39.289941,148.26
1753730199.390257,2025-07-28T20:16:39.390265,148.26
1753730199.4904191,2025-07-28T20:16:39.490427,148.04
1753730199.5905879,2025-07-28T20:16:39.590595,148.04
1753730199.6908822,2025-07-28T20:16:39.690891,148.04
1753730199.7910671,2025-07-28T20:16:39.791074,148.15
1753730199.8912988,2025-07-28T20:16:39.891306,148.15
1753730199.991567,2025-07-28T20:16:39.991574,148.21
1753730200.0917776,2025-07-28T20:16:40.091784,148.21
1753730200.1919982,2025-07-28T20:16:40.192005,148.21
1753730200.29221,2025-07-28T20:16:40.292217,148.27
1753730200.3925204,2025-07-28T20:16:40.392528,148.27
1753730200.4928222,2025-07-28T20:16:40.492830,148.27
1753730200.5930922,2025-07-28T20:16:40.593100,148.33
1753730200.6932387,2025-07-28T20:16:40.693246,148.33
1753730200.7934809,2025-07-28T20:16:40.793488,148.33
1753730200.8936715,2025-07-28T20:16:40.893679,148.2
1753730200.9939485,2025-07-28T20:16:40.993956,148.2
1753730201.0942693,2025-07-28T20:16:41.094277,148.29
1753730201.194506,2025-07-28T20:16:41.194513,148.29
1753730201.2947803,2025-07-28T20:16:41.294787,148.29
1753730201.3949425,2025-07-28T20:16:41.394951,148.18
1753730201.4951522,2025-07-28T20:16:41.495159,148.18
1753730201.595711,2025-07-28T20:16:41.595721,148.18
1753730201.6959345,2025-07-28T20:16:41.695943,148.16
1753730201.7962472,2025-07-28T20:16:41.796257,148.16
1753730201.896752,2025-07-28T20:16:41.896762,148.16
1753730201.99681,2025-07-28T20:16:41.996820,148.02
1753730202.0971174,2025-07-28T20:16:42.097127,148.02
1753730202.1976666,2025-07-28T20:16:42.197676,148.02
1753730202.2978685,2025-07-28T20:16:42.297878,148.37
1753730202.3986173,2025-07-28T20:16:42.398628,148.37
1753730202.4988108,2025-07-28T20:16:42.498819,148.24
1753730202.5991092,2025-07-28T20:16:42.599118,148.24
1753730202.6996503,2025-07-28T20:16:42.699661,148.24
1753730202.7997482,2025-07-28T20:16:42.799758,148.28
1753730202.9000368,2025-07-28T20:16:42.900047,148.28
1753730203.000284,2025-07-28T20:16:43.000293,148.28
1753730203.1007369,2025-07-28T20:16:43.100746,148.16
1753730203.2010076,2025-07-28T20:16:43.201016,148.16
1753730203.3016582,2025-07-28T20:16:43.301667,148.16
1753730203.4015036,2025-07-28T20:16:43.401512,148.23
1753730203.5018802,2025-07-28T20:16:43.501891,148.23
1753730203.6021771,2025-07-28T20:16:43.602187,148.23
1753730203.7021873,2025-07-28T20:16:43.702194,148.17
1753730203.8026133,2025-07-28T20:16:43.802621,148.17
1753730203.9028459,2025-07-28T20:16:43.902853,148.05
1753730204.0031784,2025-07-28T20:16:44.003185,148.05
1753730204.1033103,2025-07-28T20:16:44.103317,148.05
1753730204.2036297,2025-07-28T20:16:44.203637,148.24
1753730204.303828,2025-07-28T20:16:44.303835,148.24
1753730204.4040523,2025-07-28T20:16:44.404059,148.24
1753730204.504356,2025-07-28T20:16:44.504363,148.14
1753730204.6045542,2025-07-28T20:16:44.604561,148.14
1753730204.7050338,2025-07-28T20:16:44.705042,148.14
1753730204.8052492,2025-07-28T20:16:44.805257,148.14
1753730204.9056535,2025-07-28T20:16:44.905661,148.14
1753730205.0056355,2025-07-28T20:16:45.005643,148.38
1753730205.1060338,2025-07-28T20:16:45.106041,148.38
